-- phpMyAdmin SQL Dump
-- version 5.2.0
-- https://www.phpmyadmin.net/
--
-- Host: 127.0.0.1
-- Generation Time: Mar 20, 2023 at 06:27 PM
-- Server version: 10.4.24-MariaDB
-- PHP Version: 8.1.6

SET SQL_MODE = "NO_AUTO_VALUE_ON_ZERO";
START TRANSACTION;
SET time_zone = "+00:00";


/*!40101 SET @OLD_CHARACTER_SET_CLIENT=@@CHARACTER_SET_CLIENT */;
/*!40101 SET @OLD_CHARACTER_SET_RESULTS=@@CHARACTER_SET_RESULTS */;
/*!40101 SET @OLD_COLLATION_CONNECTION=@@COLLATION_CONNECTION */;
/*!40101 SET NAMES utf8mb4 */;

--
-- Database: `plo_achievement_db_system`
--

-- --------------------------------------------------------

--
-- Table structure for table `assignment`
--

CREATE TABLE `assignment` (
  `assign_id` int(11) NOT NULL,
  `assign_code` int(11) NOT NULL,
  `assign_name` varchar(255) NOT NULL,
  `full_score` int(11) NOT NULL,
  `course_id` int(11) NOT NULL,
  `teacher_id` int(11) NOT NULL
) ENGINE=InnoDB DEFAULT CHARSET=utf8mb4;

--
-- Dumping data for table `assignment`
--

INSERT INTO `assignment` (`assign_id`, `assign_code`, `assign_name`, `full_score`, `course_id`, `teacher_id`) VALUES
(3, 0, 'Homework', 20, 305282, 62363660),
(5, 0, 'Midterm', 40, 305282, 62363660),
(6, 0, 'Final', 40, 305282, 62363660),
(12, 0, 'Homework', 20, 305289, 62363660),
(17, 0, 'Homework', 20, 305290, 62363660);

-- --------------------------------------------------------

--
-- Table structure for table `calculate_assign`
--

CREATE TABLE `calculate_assign` (
  `calculate_assign_id` int(11) NOT NULL,
  `assign_id` int(11) NOT NULL,
  `assign_weight` varchar(10) NOT NULL,
  `course_id` int(11) NOT NULL
) ENGINE=InnoDB DEFAULT CHARSET=utf8mb4;

--
-- Dumping data for table `calculate_assign`
--

INSERT INTO `calculate_assign` (`calculate_assign_id`, `assign_id`, `assign_weight`, `course_id`) VALUES
(1, 3, '0.2', 305282),
(2, 5, '0.4', 305282),
(3, 6, '0.4', 305282),
(4, 12, '1', 305289),
(5, 16, '0.33333333', 305289),
(6, 17, '1', 305290);

-- --------------------------------------------------------

--
-- Table structure for table `calculate_plo`
--

CREATE TABLE `calculate_plo` (
  `calculate_plo_id` int(11) NOT NULL,
  `plo_id` int(11) NOT NULL,
  `plo_weight` varchar(255) NOT NULL,
  `course_id` int(11) NOT NULL
) ENGINE=InnoDB DEFAULT CHARSET=utf8mb4;

--
-- Dumping data for table `calculate_plo`
--

INSERT INTO `calculate_plo` (`calculate_plo_id`, `plo_id`, `plo_weight`, `course_id`) VALUES
(7, 1, '0.5', 305281),
(8, 1, '0.5', 305282),
(9, 4, '0.11764705882353', 305281),
(10, 4, '0.88235294117647', 305282),
(11, 7, '1', 305282),
(12, 8, '1', 305281),
(13, 11, '1', 305289),
(14, 12, '1', 305290),
(15, 13, '1', 305282);

-- --------------------------------------------------------

--
-- Table structure for table `calculate_plo_course`
--

CREATE TABLE `calculate_plo_course` (
  `calculate_plo_course_id` int(11) NOT NULL,
  `clo_id` int(11) NOT NULL,
  `plo_clo_weight` varchar(255) NOT NULL,
  `plo_id` int(11) NOT NULL,
  `course_id` int(11) NOT NULL
) ENGINE=InnoDB DEFAULT CHARSET=utf8mb4;

--
-- Dumping data for table `calculate_plo_course`
--

INSERT INTO `calculate_plo_course` (`calculate_plo_course_id`, `clo_id`, `plo_clo_weight`, `plo_id`, `course_id`) VALUES
(1, 7, '0.71428571428571', 4, 305282),
(2, 8, '0.28571428571429', 4, 305282),
(3, 6, '1', 1, 305282),
(5, 10, '1', 11, 305289),
(6, 11, '1', 12, 305290);

-- --------------------------------------------------------

--
-- Table structure for table `calculate_proport`
--

CREATE TABLE `calculate_proport` (
  `calculate_proport_id` int(11) NOT NULL,
  `clo_id` int(11) NOT NULL,
  `assign_id` int(11) NOT NULL,
  `sub_assign_id` int(11) NOT NULL,
  `proport_weight` varchar(10) NOT NULL
) ENGINE=InnoDB DEFAULT CHARSET=utf8mb4;

--
-- Dumping data for table `calculate_proport`
--

INSERT INTO `calculate_proport` (`calculate_proport_id`, `clo_id`, `assign_id`, `sub_assign_id`, `proport_weight`) VALUES
(1, 6, 3, 3, '0.28571428'),
(2, 6, 3, 5, '0.71428571'),
(3, 7, 3, 4, '0.68085106'),
(4, 7, 3, 3, '0.31914893'),
(5, 8, 3, 3, '0.13274336'),
(6, 8, 3, 4, '0.42477876'),
(7, 8, 3, 5, '0.44247787'),
(8, 7, 5, 6, '1'),
(9, 8, 5, 8, '1'),
(10, 10, 12, 11, '1'),
(11, 11, 17, 12, '1');

-- --------------------------------------------------------

--
-- Table structure for table `calculate_sub_assign`
--

CREATE TABLE `calculate_sub_assign` (
  `calculate_sub_assign_id` int(11) NOT NULL,
  `assign_id` int(11) NOT NULL,
  `sub_assign_id` int(11) NOT NULL,
  `sub_assign_weight` varchar(10) NOT NULL
) ENGINE=InnoDB DEFAULT CHARSET=utf8mb4;

--
-- Dumping data for table `calculate_sub_assign`
--

INSERT INTO `calculate_sub_assign` (`calculate_sub_assign_id`, `assign_id`, `sub_assign_id`, `sub_assign_weight`) VALUES
(6, 3, 3, '0.3125'),
(7, 3, 4, '0.3125'),
(8, 3, 5, '0.375'),
(9, 5, 6, '0.54545454'),
(10, 5, 8, '0.45454545'),
(11, 12, 11, '1'),
(12, 17, 12, '1');

-- --------------------------------------------------------

--
-- Table structure for table `clo`
--

CREATE TABLE `clo` (
  `clo_id` int(11) NOT NULL,
  `clo_code` int(11) NOT NULL,
  `clo_name` varchar(255) DEFAULT NULL,
  `clo_engname` varchar(255) DEFAULT NULL,
  `timestamp_str` timestamp NOT NULL DEFAULT current_timestamp() ON UPDATE current_timestamp()
) ENGINE=InnoDB DEFAULT CHARSET=utf8mb4;

--
-- Dumping data for table `clo`
--

INSERT INTO `clo` (`clo_id`, `clo_code`, `clo_name`, `clo_engname`, `timestamp_str`) VALUES
(6, 1, '	นิสิตสามารถออกแบบระบบได้', '', '2023-03-03 03:09:54'),
(7, 2, 'นิสิตสามารถออกแบบระบบได้', 'can design sytem', '2023-01-12 07:44:33'),
(8, 3, 'นิสิตสามารถสร้างฟังก์ชันได้', 'can create function', '2023-02-16 08:21:34'),
(10, 1, 'เข้าใจและซาบซึ้งในวัฒนธรรมไทย ตระหนักในคุณค่าของระบบคุณธรรม จริยธรรม เสียสละ และซื่อสัตย์สุจริต', '', '2023-03-04 04:35:56'),
(11, 1, 'นิสิตสามารถสร้างฟังก์ชันได้', 'can create function', '2023-03-06 04:46:29');

-- --------------------------------------------------------

--
-- Table structure for table `clo_assignment`
--

CREATE TABLE `clo_assignment` (
  `clo_assign_id` int(11) NOT NULL,
  `weight` int(11) NOT NULL,
  `clo_id` int(11) NOT NULL,
  `assign_id` int(11) NOT NULL,
  `sub_assign_id` int(11) DEFAULT NULL
) ENGINE=InnoDB DEFAULT CHARSET=utf8mb4;

--
-- Dumping data for table `clo_assignment`
--

INSERT INTO `clo_assignment` (`clo_assign_id`, `weight`, `clo_id`, `assign_id`, `sub_assign_id`) VALUES
(25, 10, 6, 3, 3),
(26, 32, 7, 3, 4),
(27, 25, 6, 3, 5),
(28, 15, 7, 3, 3),
(29, 40, 7, 5, 6),
(30, 15, 8, 3, 3),
(31, 48, 8, 3, 4),
(32, 50, 8, 3, 5),
(33, 30, 8, 5, 8),
(34, 15, 10, 12, 11),
(35, 15, 11, 17, 12);

-- --------------------------------------------------------

--
-- Table structure for table `course`
--

CREATE TABLE `course` (
  `course_id` int(11) NOT NULL,
  `course_code` int(11) DEFAULT NULL,
  `course_name` varchar(255) NOT NULL,
  `course_engname` varchar(255) NOT NULL,
  `timestamp_str` timestamp NOT NULL DEFAULT current_timestamp() ON UPDATE current_timestamp(),
  `creadit` int(11) NOT NULL
) ENGINE=InnoDB DEFAULT CHARSET=utf8mb4;

--
-- Dumping data for table `course`
--

INSERT INTO `course` (`course_id`, `course_code`, `course_name`, `course_engname`, `timestamp_str`, `creadit`) VALUES
(305281, 305211, 'ไฟฟ้า', 'elec', '2023-01-08 10:24:24', 0),
(305282, 305273, 'เขียนโปรแกรม', 'Programming', '2023-01-08 17:35:38', 0),
(305289, 304000, 'ทดสอบ', 'test', '2023-03-04 04:34:56', 0),
(305290, 305000, 'เขียนโปรแกรม', 'Programing', '2023-03-06 04:45:27', 0),
(305292, 305111, 'เขียนโปรแกรม', 'Programing', '2023-03-06 05:42:52', 0),
(305293, 305121, 'ทดสอบ', 'test', '2023-03-07 07:15:17', 0);

-- --------------------------------------------------------

--
-- Table structure for table `course_clo`
--

CREATE TABLE `course_clo` (
  `course_clo_id` int(11) NOT NULL,
  `course_id` int(11) NOT NULL,
  `clo_id` int(11) NOT NULL,
  `year_str` int(11) NOT NULL,
  `semester_id` int(11) NOT NULL,
  `section_id` int(11) NOT NULL
) ENGINE=InnoDB DEFAULT CHARSET=utf8mb4;

--
-- Dumping data for table `course_clo`
--

INSERT INTO `course_clo` (`course_clo_id`, `course_id`, `clo_id`, `year_str`, `semester_id`, `section_id`) VALUES
(5, 305282, 6, 2022, 2, 6),
(6, 305282, 7, 2022, 2, 6),
(8, 305282, 8, 2022, 2, 6),
(11, 305290, 11, 2566, 2, 14);

-- --------------------------------------------------------

--
-- Table structure for table `course_plo`
--

CREATE TABLE `course_plo` (
  `course_plo_id` int(11) NOT NULL,
  `weight` int(11) NOT NULL,
  `plo_id` int(11) NOT NULL,
  `course_id` int(11) NOT NULL
) ENGINE=InnoDB DEFAULT CHARSET=utf8mb4;

--
-- Dumping data for table `course_plo`
--

INSERT INTO `course_plo` (`course_plo_id`, `weight`, `plo_id`, `course_id`) VALUES
(1, 15, 1, 305281),
(2, 30, 4, 305282),
(3, 15, 7, 305282),
(4, 4, 4, 305281),
(8, 25, 8, 305281),
(11, 15, 1, 305282),
(12, 50, 11, 305289),
(13, 50, 12, 305290),
(14, 10, 13, 305282);

-- --------------------------------------------------------

--
-- Table structure for table `plo`
--

CREATE TABLE `plo` (
  `plo_id` int(11) NOT NULL,
  `plo_code` int(11) NOT NULL,
  `plo_name` varchar(255) DEFAULT NULL,
  `plo_engname` varchar(255) DEFAULT NULL,
  `timestamp_str` timestamp NOT NULL DEFAULT current_timestamp() ON UPDATE current_timestamp()
) ENGINE=InnoDB DEFAULT CHARSET=utf8mb4;

--
-- Dumping data for table `plo`
--

INSERT INTO `plo` (`plo_id`, `plo_code`, `plo_name`, `plo_engname`, `timestamp_str`) VALUES
(1, 1, 'เขียนโปรแกรมได้', 'programing', '2023-01-12 07:38:06'),
(2, 1, 'test', '', '2023-01-06 18:29:26'),
(3, 1, 'test02', '', '2023-01-06 18:30:46'),
(4, 2, 'ออกแบบข้อมูลได้', '', '2023-01-08 17:47:43'),
(7, 3, 'นิสิตสามารถออกแบบระบบได้', 'can design sytem', '2023-01-12 07:43:03'),
(8, 4, 'วินิจฉัยและก าหนดแนวการปฏิบัติให้เหมาะสมกับบริบทโดยค านึงถึงประเด็นด้านคุณธรรม จริยธรรม จรรยาบรรณ ค่านิยมพื้นฐาน สังคม สุขภาพ ความปลอดภัย กฎหมาย วัฒนธรรม และ ศักดิ์ศรีความเป็นมนุษย', NULL, '2023-02-17 06:50:36'),
(11, 1, 'เข้าใจและซาบซึ้งในวัฒนธรรมไทย ตระหนักในคุณค่าของระบบคุณธรรม จริยธรรม เสียสละ และ ซื่อสัตยสุจริต', NULL, '2023-03-04 04:29:08'),
(12, 1, 'เข้าใจและซาบซึ้งในวัฒนธรรมไทย ตระหนักในคุณค่าของระบบคุณธรรม จริยธรรม เสียสละ และ ซื่อสัตยสุจริต', NULL, '2023-03-06 04:32:30'),
(13, 5, 'เข้าใจและซาบซึ้งในวัฒนธรรมไทย ตระหนักในคุณค่าของระบบคุณธรรม จริยธรรม เสียสละ และ ซื่อสัตยสุจริต', NULL, '2023-03-07 07:13:42');

-- --------------------------------------------------------

--
-- Table structure for table `plo_clo`
--

CREATE TABLE `plo_clo` (
  `plo_clo_id` int(11) NOT NULL,
  `year_str` int(11) NOT NULL,
  `weight` int(11) DEFAULT NULL,
  `semester_id` int(11) NOT NULL,
  `course_id` int(11) NOT NULL,
  `section_id` int(11) NOT NULL,
  `plo_id` int(11) NOT NULL,
  `clo_id` int(11) NOT NULL
) ENGINE=InnoDB DEFAULT CHARSET=utf8mb4;

--
-- Dumping data for table `plo_clo`
--

INSERT INTO `plo_clo` (`plo_clo_id`, `year_str`, `weight`, `semester_id`, `course_id`, `section_id`, `plo_id`, `clo_id`) VALUES
(3, 2022, 50, 2, 305282, 6, 4, 7),
(4, 2022, 20, 2, 305282, 6, 4, 8),
(9, 2022, 50, 2, 305282, 6, 1, 6),
(11, 2566, 50, 2, 305289, 13, 11, 10),
(12, 2566, 25, 2, 305290, 14, 12, 11);

-- --------------------------------------------------------

--
-- Table structure for table `program`
--

CREATE TABLE `program` (
  `program_id` int(11) NOT NULL,
  `program_name` varchar(255) NOT NULL,
  `Timestamp_str` timestamp NOT NULL DEFAULT current_timestamp() ON UPDATE current_timestamp()
) ENGINE=InnoDB DEFAULT CHARSET=utf8mb4;

--
-- Dumping data for table `program`
--

INSERT INTO `program` (`program_id`, `program_name`, `Timestamp_str`) VALUES
(1234, 'Computer', '2023-01-06 18:19:49'),
(7655, 'Civil Engineering', '2023-02-23 02:16:52'),
(7659, 'computer2565', '2023-03-06 04:31:46'),
(7660, 'Computer2566', '2023-03-07 07:12:45'),
(7661, '', '2023-03-20 16:01:12');

-- --------------------------------------------------------

--
-- Table structure for table `program_course`
--

CREATE TABLE `program_course` (
  `program_course_id` int(11) NOT NULL,
  `year_str` int(11) NOT NULL,
  `timestamp_str` timestamp NOT NULL DEFAULT current_timestamp() ON UPDATE current_timestamp(),
  `semester_id` int(11) NOT NULL,
  `course_id` int(11) NOT NULL,
  `section_id` int(11) NOT NULL,
  `program_id` int(11) NOT NULL,
  `teacher_id` int(11) NOT NULL
) ENGINE=InnoDB DEFAULT CHARSET=utf8mb4;

--
-- Dumping data for table `program_course`
--

INSERT INTO `program_course` (`program_course_id`, `year_str`, `timestamp_str`, `semester_id`, `course_id`, `section_id`, `program_id`, `teacher_id`) VALUES
(4, 2023, '2023-01-10 15:19:53', 2, 305281, 5, 1234, 62363660),
(5, 2022, '2023-01-10 15:20:05', 2, 305282, 6, 1234, 62363660),
(12, 2566, '2023-03-04 04:34:56', 2, 305289, 13, 7655, 62363660),
(13, 2566, '2023-03-06 04:45:27', 2, 305290, 14, 7659, 62363660),
(15, 2566, '2023-03-06 05:42:52', 2, 305292, 16, 7659, 62363660),
(16, 2566, '2023-03-07 07:15:17', 2, 305293, 17, 1234, 62363660);

-- --------------------------------------------------------

--
-- Table structure for table `program_plo`
--

CREATE TABLE `program_plo` (
  `program_plo_id` int(11) NOT NULL,
  `program_id` int(11) NOT NULL,
  `plo_id` int(11) DEFAULT NULL
) ENGINE=InnoDB DEFAULT CHARSET=utf8mb4;

--
-- Dumping data for table `program_plo`
--

INSERT INTO `program_plo` (`program_plo_id`, `program_id`, `plo_id`) VALUES
(3, 1234, 1),
(4, 4321, 2),
(5, 4567, 3),
(6, 1234, 4),
(9, 1234, 7),
(10, 1234, 8),
(13, 7655, 11),
(14, 7659, 12),
(15, 1234, 13);

-- --------------------------------------------------------

--
-- Table structure for table `section`
--

CREATE TABLE `section` (
  `section_id` int(11) NOT NULL,
  `section_name` varchar(255) NOT NULL,
  `Timestamp_str` timestamp NOT NULL DEFAULT current_timestamp() ON UPDATE current_timestamp()
) ENGINE=InnoDB DEFAULT CHARSET=utf8mb4;

--
-- Dumping data for table `section`
--

INSERT INTO `section` (`section_id`, `section_name`, `Timestamp_str`) VALUES
(5, '1', '2023-01-08 10:24:24'),
(6, '1', '2023-01-08 17:35:38'),
(7, '1', '2023-01-09 06:38:42'),
(8, '1', '2023-01-09 06:53:34'),
(11, '1', '2023-02-23 02:27:45'),
(12, '', '2023-02-23 08:04:20'),
(13, '1', '2023-03-04 04:34:56'),
(14, '1', '2023-03-06 04:45:27'),
(15, '1', '2023-03-06 05:41:17'),
(16, '1', '2023-03-06 05:42:52'),
(17, '1', '2023-03-07 07:15:17');

-- --------------------------------------------------------

--
-- Table structure for table `semester`
--

CREATE TABLE `semester` (
  `semester_id` int(11) NOT NULL,
  `semester_name` varchar(255) NOT NULL,
  `timestamp_str` timestamp NOT NULL DEFAULT current_timestamp() ON UPDATE current_timestamp()
) ENGINE=InnoDB DEFAULT CHARSET=utf8mb4;

--
-- Dumping data for table `semester`
--

INSERT INTO `semester` (`semester_id`, `semester_name`, `timestamp_str`) VALUES
(2, '1', '2023-01-08 09:11:57'),
(3, '2', '2023-01-08 09:12:15'),
(4, '3', '2023-01-08 09:12:23');

-- --------------------------------------------------------

--
-- Table structure for table `student`
--

CREATE TABLE `student` (
  `student_id` int(11) NOT NULL,
  `pname` varchar(255) NOT NULL,
  `fname` varchar(255) NOT NULL,
  `lname` varchar(255) NOT NULL,
  `class` int(11) NOT NULL,
  `type` varchar(255) NOT NULL,
  `program_id` int(11) NOT NULL
) ENGINE=InnoDB DEFAULT CHARSET=utf8mb4;

--
-- Dumping data for table `student`
--

INSERT INTO `student` (`student_id`, `pname`, `fname`, `lname`, `class`, `type`, `program_id`) VALUES
(1, '.-', 'สรพินิจ', 'รักษาทรัพย์', 4, 'Engineering', 1234),
(2, '.-', 'แสงทอง', 'ชัยชนา', 4, 'Engineering', 1234),
(3, '.-', 'ปิติทัศน์', 'วงศ์ทิพย์', 4, 'Engineering', 1234),
(4, '.-', 'กาญจนอาคม', 'รัศมีเดช', 4, 'Engineering', 1234),
(5, '.-', 'จิตรจำเริญรุ่ง', 'เรืองสมัย', 4, 'Engineering', 1234),
(6, '.-', 'วัฒนศักดิ์สกุล', 'ก้องวัฒนะกุล', 4, 'Engineering', 1234),
(7, '.-', 'สถานนท์', 'ศรีสดุดี', 4, 'Engineering', 1234),
(8, '.-', 'แก้วมาลา', 'งามขวัญ', 4, 'Engineering', 1234),
(9, '.-', 'วัชรกิจ', 'รัตนพิรมย์', 4, 'Engineering', 1234),
(10, '.-', 'ปรางค์ทรัพย์', 'รัตนเศรษฐา', 4, 'Engineering', 1234),
(11, '.-', 'เกียรติวิทยา', 'ตรีวานิชย์', 4, 'Engineering', 1234),
(12, '.-', 'วรวงศ์คุณากร', 'ปิติทัศน์', 4, 'Engineering', 1234),
(13, '.-', 'จิตรจำเริญรุ่ง', 'โอภาสเจริญ', 4, 'Engineering', 1234),
(14, '.-', 'พรมบุตร', 'อุดมเดชสกุล', 4, 'Engineering', 1234),
(15, '.-', 'เรืองรังสรรค์', 'สว่างวิทยา', 4, 'Engineering', 1234),
(16, '.-', 'จรัสโสภณ', 'จรัสธรรม', 4, 'Engineering', 1234),
(17, '.-', 'คมสกุล', 'เกียรติบวรสกุล', 4, 'Engineering', 1234),
(18, '.-', 'วงวิไล', 'ปรางค์ทรัพย์', 4, 'Engineering', 1234),
(19, '.-', 'ตรีวานิชย์', 'สถานนท์', 4, 'Engineering', 1234),
(20, '.-', 'พาใจขวัญ', 'รัตนาประสิทธิ์', 4, 'Engineering', 1234),
(21, '.-', 'อุดมเอก', 'วัชรจิระกุล', 4, 'Engineering', 1234),
(22, '.-', 'มั่นคง', 'อินทรประเสริฐ', 4, 'Engineering', 1234),
(23, '.-', 'คมสกุล', 'บำรุงกาญจน์', 4, 'Engineering', 1234),
(24, '.-', 'รัตนาอรุณ', 'วัชรกิจ', 4, 'Engineering', 1234),
(25, '.-', 'มากมี', 'มงคงมั่น', 4, 'Engineering', 1234),
(26, '.-', 'อรุณฉาย', 'โตศิลา', 4, 'Engineering', 1234),
(27, '.-', 'ตรีวานิชย์', 'ปิติจำเริญ', 4, 'Engineering', 1234),
(28, '.-', 'สำราญทรัพย์', 'สันติกสุล', 4, 'Engineering', 1234),
(29, '.-', 'ตั้งทิพย์', 'ตรีทรัพย์', 4, 'Engineering', 1234),
(30, '.-', 'ขจรเกียรติสกุล', 'มิ่งมาลา', 4, 'Engineering', 1234),
(31, '.-', 'แสงดารา', 'รุ่งฤดี', 4, 'Engineering', 1234),
(32, '.-', 'ช้างทอง', 'อาชาไชย', 4, 'Engineering', 1234),
(33, '.-', 'โอภาสเจริญ', 'ตันฑการุณ', 4, 'Engineering', 1234),
(34, '.-', 'อรุณฉาย', 'เหล่าอรุณ', 4, 'Engineering', 1234),
(35, '.-', 'วิไลรัตน์', 'อินทรประสาท', 4, 'Engineering', 1234),
(36, '.-', 'สรพินิจ', 'โตศิลา', 4, 'Engineering', 1234),
(37, '.-', 'วงวิไล', 'ปานประกอบ', 4, 'Engineering', 1234),
(38, '.-', 'วีระโชติ', 'นิธิวรสกุล', 4, 'Engineering', 1234),
(39, '.-', 'เผ่ารอด', 'พินิจนันท์', 4, 'Engineering', 1234),
(40, '.-', 'ก้องเกียรติสกุล', 'เหล่าสกุล', 4, 'Engineering', 1234),
(41, '.-', 'จันทร์ประเสริฐ', 'จรัสธรรม', 4, 'Engineering', 1234),
(42, '.-', 'เรืองสมัย', 'จันทรเกียรติ', 4, 'Engineering', 1234),
(43, '.-', 'แสงดารา', 'โชติพาณิชย์', 4, 'Engineering', 1234),
(44, '.-', 'ทรัพย์ศิลา', 'พงศ์พินิจ', 4, 'Engineering', 1234),
(45, '.-', 'เกียรติสกุล', 'ปิติวัฒน์', 4, 'Engineering', 1234),
(46, '.-', 'กิตติภัทรา', 'วงศ์วริศธารา', 4, 'Engineering', 1234),
(47, '.-', 'ธาราวงศ์', 'อินทรเกียรติ', 4, 'Engineering', 1234),
(48, '.-', 'สว่างเสนา', 'จิตวรเวช', 4, 'Engineering', 1234),
(49, '.-', 'ปรางค์ทรัพย์', 'มั่นคง', 4, 'Engineering', 1234),
(50, '.-', 'สว่างวิทยา', 'จันทรเกียรติ', 4, 'Engineering', 1234),
(51, '.-', 'ทรัพย์ธารา', 'แสงทอง', 4, 'Engineering', 1234),
(52, '.-', 'โอภาสพัฒน์', 'นวลจันทร์', 4, 'Engineering', 1234),
(53, '.-', 'พงษ์วิโรจน์', 'ก้องวัฒนะกุล', 4, 'Engineering', 1234),
(54, '.-', 'กระจ่างจิต', 'จันทรเกียรติ', 4, 'Engineering', 1234),
(55, '.-', 'วงวิไล', 'ไพศาล', 4, 'Engineering', 1234),
(56, '.-', 'วงศ์ทิพย์', 'นันทวัฒน์', 4, 'Engineering', 1234),
(57, '.-', 'นันทวัฒน์', 'สุขสวัสดิ์', 4, 'Engineering', 1234),
(58, '.-', 'ธนสมบัติ', 'ศิลาดี', 4, 'Engineering', 1234),
(59, '.-', 'ถนอมจิต', 'กิตติภัทรา', 4, 'Engineering', 1234),
(60, '.-', 'สุพรรณภาคิน', 'ตันฑการุณ', 4, 'Engineering', 1234),
(61, '.-', 'แสนเลิศ', 'จันทร์มณี', 4, 'Engineering', 1234),
(62, '.-', 'สิงห์ขาว', 'จันทรสมบัติ', 4, 'Engineering', 1234),
(63, '.-', 'ห้าวหาญ', 'เกียรติสกุล', 4, 'Engineering', 1234),
(64, '.-', 'เสนาวงศ์', 'วงศ์วริศธารา', 4, 'Engineering', 1234),
(65, '.-', 'รัตนกิจโกศล', 'โพธิ์สำราญ', 4, 'Engineering', 1234),
(66, '.-', 'ทรัพย์ศิลา', 'ลือขำ', 4, 'Engineering', 1234),
(67, '.-', 'รัตนประเสริฐ', 'รักษาทรัพย์', 4, 'Engineering', 1234),
(68, '.-', 'วัฒนโกศล', 'ศรีสร้อย', 4, 'Engineering', 1234),
(69, '.-', 'ศรีสุข', 'สีสะอาด', 4, 'Engineering', 1234),
(70, '.-', 'ตรีวานิชย์', 'ปรางค์ทรัพย์', 4, 'Engineering', 1234),
(71, '.-', 'อุดมวิทยา', 'นิธิวรสกุล', 4, 'Engineering', 1234),
(72, '.-', 'มั่นคง', 'สายสำอาง', 4, 'Engineering', 1234),
(73, '.-', 'สุวรรณวงศ์', 'พงศ์พิโรจ', 4, 'Engineering', 1234),
(74, '.-', 'มาลัยแก้ว', 'แสงสุวรรณ', 4, 'Engineering', 1234),
(75, '.-', 'แสงดารา', 'คมปราชญ์', 4, 'Engineering', 1234),
(76, '.-', 'ศิริพัฒน์', 'ปัทมเดชา', 4, 'Engineering', 1234),
(77, '.-', 'มาลัยแก้ว', 'วัชรโสภณ', 4, 'Engineering', 1234),
(78, '.-', 'สุขทิพย์', 'อรุณรุ่ง', 4, 'Engineering', 1234),
(79, '.-', 'จันทร์ประเสริฐ', 'วัฒนกิจเวช', 4, 'Engineering', 1234),
(80, '.-', 'ประเสริฐโสม', 'ปลื้มปิติ', 4, 'Engineering', 1234),
(81, '.-', 'ห้าวหาญ', 'วิเชียรชาญ', 4, 'Engineering', 1234),
(82, '.-', 'สุขเกษม', 'รัตนาอาทิตย์', 4, 'Engineering', 1234),
(83, '.-', 'สุวรรณโชค', 'ต้นทอง', 4, 'Engineering', 1234),
(84, '.-', 'ศิริโกศล', 'ทรัพย์ธารา', 4, 'Engineering', 1234),
(85, '.-', 'ธนเกียรติโกศล', 'มหาเมธี', 4, 'Engineering', 1234),
(86, '.-', 'พงษ์วิโรจน์', 'ตรีวุฒิ', 4, 'Engineering', 1234),
(87, '.-', 'สรพินิจ', 'ถนอมจิต', 4, 'Engineering', 1234),
(88, '.-', 'รัตนกิจสกุล', 'โสภาภักดิ์', 4, 'Engineering', 1234),
(89, '.-', 'คำเอี่ยม', 'ขจรเกียรติสกุล', 4, 'Engineering', 1234),
(90, '.-', 'เกียรติโกศล', 'รักษาทรัพย์', 4, 'Engineering', 1234),
(91, '.-', 'จันวราสกุล', 'สุขประเสริญ', 4, 'Engineering', 1234),
(92, '.-', 'วิไลรัตน์', 'วัฒนศักดิ์มนตรี', 4, 'Engineering', 1234),
(93, '.-', 'นันทพิวัฒน์', 'ประสานวงศ์', 4, 'Engineering', 1234),
(94, '.-', 'สาลี', 'สุวรรณศิริ', 4, 'Engineering', 1234),
(95, '.-', 'จันทรเกียรติ', 'สันติกสุล', 4, 'Engineering', 1234),
(96, '.-', 'มั่นคงประสิทธิ์', 'สตาภิรมย์', 4, 'Engineering', 1234),
(97, '.-', 'ชาติสมบัติ', 'จันทรประการ', 4, 'Engineering', 1234),
(98, '.-', 'แท่งทิพย์', 'มาลัยแก้ว', 4, 'Engineering', 1234),
(99, '.-', 'ทรัพย์ศิลา', 'ภูภักดี', 4, 'Engineering', 1234),
(100, '.-', 'เจริญผลวัฒนา', 'สิงห์ขาว', 4, 'Engineering', 1234),
(62360000, '', 'วิชญาพร', 'ภูพาณิชย์', 0, 'Engineering', 7655),
(62360001, '', 'วิชญาพร', 'ภูพาณิชย์', 0, 'Engineering', 7659),
(62361234, '', 'ภคพล', 'สำราญทรัพย์', 0, 'วิศวกรรมศาสตร์', 1234),
(62363660, '', 'Boonsita', 'Puangart', 0, 'Engineering', 1234),
(62366074, '', 'Sirachat', 'Arunjang', 0, 'Engineering', 1234);

-- --------------------------------------------------------

--
-- Table structure for table `student_assign_score`
--

CREATE TABLE `student_assign_score` (
  `student_assign_score_id` int(11) NOT NULL,
  `score` int(11) NOT NULL,
  `assign_id` int(11) NOT NULL,
  `student_id` int(11) NOT NULL,
  `clo_assign_id` int(11) NOT NULL
) ENGINE=InnoDB DEFAULT CHARSET=utf8mb4;

-- --------------------------------------------------------

--
-- Table structure for table `student_score`
--

CREATE TABLE `student_score` (
  `student_score_id` int(11) NOT NULL,
  `midterm` int(11) NOT NULL,
  `final` int(11) NOT NULL,
  `assignment` int(11) NOT NULL,
  `year_str` year(4) NOT NULL,
  `student_id` int(11) NOT NULL,
  `course_id` int(11) NOT NULL,
  `semester_id` int(11) NOT NULL,
  `section_id` int(11) NOT NULL
) ENGINE=InnoDB DEFAULT CHARSET=utf8mb4;

--
-- Dumping data for table `student_score`
--

INSERT INTO `student_score` (`student_score_id`, `midterm`, `final`, `assignment`, `year_str`, `student_id`, `course_id`, `semester_id`, `section_id`) VALUES
(3, 0, 0, 0, 2023, 62366074, 305282, 2, 6),
(6, 0, 0, 0, 2023, 62363660, 305282, 2, 6),
(9, 0, 0, 0, 0000, 62360000, 305289, 2, 13),
(17, 0, 0, 0, 0000, 62360001, 305290, 2, 14),
(18, 0, 0, 0, 2023, 1, 305282, 2, 6),
(19, 0, 0, 0, 2023, 2, 305282, 2, 6),
(20, 0, 0, 0, 2023, 3, 305282, 2, 6),
(21, 0, 0, 0, 2023, 4, 305282, 2, 6),
(22, 0, 0, 0, 2023, 5, 305282, 2, 6),
(23, 0, 0, 0, 2023, 6, 305282, 2, 6),
(24, 0, 0, 0, 2023, 7, 305282, 2, 6),
(25, 0, 0, 0, 2023, 8, 305282, 2, 6),
(26, 0, 0, 0, 2023, 9, 305282, 2, 6),
(27, 0, 0, 0, 2023, 10, 305282, 2, 6),
(28, 0, 0, 0, 2023, 11, 305282, 2, 6),
(29, 0, 0, 0, 2023, 12, 305282, 2, 6),
(30, 0, 0, 0, 2023, 13, 305282, 2, 6),
(31, 0, 0, 0, 2023, 14, 305282, 2, 6),
(32, 0, 0, 0, 2023, 15, 305282, 2, 6),
(33, 0, 0, 0, 2023, 16, 305282, 2, 6),
(34, 0, 0, 0, 2023, 17, 305282, 2, 6),
(35, 0, 0, 0, 2023, 18, 305282, 2, 6),
(36, 0, 0, 0, 2023, 19, 305282, 2, 6),
(37, 0, 0, 0, 2023, 20, 305282, 2, 6),
(38, 0, 0, 0, 2023, 21, 305282, 2, 6),
(39, 0, 0, 0, 2023, 22, 305282, 2, 6),
(40, 0, 0, 0, 2023, 23, 305282, 2, 6),
(41, 0, 0, 0, 2023, 24, 305282, 2, 6),
(42, 0, 0, 0, 2023, 25, 305282, 2, 6),
(43, 0, 0, 0, 2023, 26, 305282, 2, 6),
(44, 0, 0, 0, 2023, 27, 305282, 2, 6),
(45, 0, 0, 0, 2023, 28, 305282, 2, 6),
(46, 0, 0, 0, 2023, 29, 305282, 2, 6),
(47, 0, 0, 0, 2023, 30, 305282, 2, 6),
(48, 0, 0, 0, 2023, 31, 305282, 2, 6),
(49, 0, 0, 0, 2023, 32, 305282, 2, 6),
(50, 0, 0, 0, 2023, 33, 305282, 2, 6),
(51, 0, 0, 0, 2023, 34, 305282, 2, 6),
(52, 0, 0, 0, 2023, 35, 305282, 2, 6),
(53, 0, 0, 0, 2023, 36, 305282, 2, 6),
(54, 0, 0, 0, 2023, 37, 305282, 2, 6),
(55, 0, 0, 0, 2023, 38, 305282, 2, 6),
(56, 0, 0, 0, 2023, 39, 305282, 2, 6),
(57, 0, 0, 0, 2023, 40, 305282, 2, 6),
(58, 0, 0, 0, 2023, 41, 305282, 2, 6),
(59, 0, 0, 0, 2023, 42, 305282, 2, 6),
(60, 0, 0, 0, 2023, 43, 305282, 2, 6),
(61, 0, 0, 0, 2023, 44, 305282, 2, 6),
(62, 0, 0, 0, 2023, 45, 305282, 2, 6),
(63, 0, 0, 0, 2023, 46, 305282, 2, 6),
(64, 0, 0, 0, 2023, 47, 305282, 2, 6),
(65, 0, 0, 0, 2023, 48, 305282, 2, 6),
(66, 0, 0, 0, 2023, 49, 305282, 2, 6),
(67, 0, 0, 0, 2023, 50, 305282, 2, 6),
(68, 0, 0, 0, 2023, 51, 305282, 2, 6),
(69, 0, 0, 0, 2023, 52, 305282, 2, 6),
(70, 0, 0, 0, 2023, 53, 305282, 2, 6),
(71, 0, 0, 0, 2023, 54, 305282, 2, 6),
(72, 0, 0, 0, 2023, 55, 305282, 2, 6),
(73, 0, 0, 0, 2023, 56, 305282, 2, 6),
(74, 0, 0, 0, 2023, 57, 305282, 2, 6),
(75, 0, 0, 0, 2023, 58, 305282, 2, 6),
(76, 0, 0, 0, 2023, 59, 305282, 2, 6),
(77, 0, 0, 0, 2023, 60, 305282, 2, 6),
(78, 0, 0, 0, 2023, 61, 305282, 2, 6),
(79, 0, 0, 0, 2023, 62, 305282, 2, 6),
(80, 0, 0, 0, 2023, 63, 305282, 2, 6),
(81, 0, 0, 0, 2023, 64, 305282, 2, 6),
(82, 0, 0, 0, 2023, 65, 305282, 2, 6),
(83, 0, 0, 0, 2023, 66, 305282, 2, 6),
(84, 0, 0, 0, 2023, 67, 305282, 2, 6),
(85, 0, 0, 0, 2023, 68, 305282, 2, 6),
(86, 0, 0, 0, 2023, 69, 305282, 2, 6),
(87, 0, 0, 0, 2023, 70, 305282, 2, 6),
(88, 0, 0, 0, 2023, 71, 305282, 2, 6),
(89, 0, 0, 0, 2023, 72, 305282, 2, 6),
(90, 0, 0, 0, 2023, 73, 305282, 2, 6),
(91, 0, 0, 0, 2023, 74, 305282, 2, 6),
(92, 0, 0, 0, 2023, 75, 305282, 2, 6),
(93, 0, 0, 0, 2023, 76, 305282, 2, 6),
(94, 0, 0, 0, 2023, 77, 305282, 2, 6),
(95, 0, 0, 0, 2023, 78, 305282, 2, 6),
(96, 0, 0, 0, 2023, 79, 305282, 2, 6),
(97, 0, 0, 0, 2023, 80, 305282, 2, 6),
(98, 0, 0, 0, 2023, 81, 305282, 2, 6),
(99, 0, 0, 0, 2023, 82, 305282, 2, 6),
(100, 0, 0, 0, 2023, 83, 305282, 2, 6),
(101, 0, 0, 0, 2023, 84, 305282, 2, 6),
(102, 0, 0, 0, 2023, 85, 305282, 2, 6),
(103, 0, 0, 0, 2023, 86, 305282, 2, 6),
(104, 0, 0, 0, 2023, 87, 305282, 2, 6),
(105, 0, 0, 0, 2023, 88, 305282, 2, 6),
(106, 0, 0, 0, 2023, 89, 305282, 2, 6),
(107, 0, 0, 0, 2023, 90, 305282, 2, 6),
(108, 0, 0, 0, 2023, 91, 305282, 2, 6),
(109, 0, 0, 0, 2023, 92, 305282, 2, 6),
(110, 0, 0, 0, 2023, 93, 305282, 2, 6),
(111, 0, 0, 0, 2023, 94, 305282, 2, 6),
(112, 0, 0, 0, 2023, 95, 305282, 2, 6),
(113, 0, 0, 0, 2023, 96, 305282, 2, 6),
(114, 0, 0, 0, 2023, 97, 305282, 2, 6),
(115, 0, 0, 0, 2023, 98, 305282, 2, 6),
(116, 0, 0, 0, 2023, 99, 305282, 2, 6),
(117, 0, 0, 0, 2023, 100, 305282, 2, 6),
(118, 0, 0, 0, 2023, 1, 305282, 2, 6),
(119, 0, 0, 0, 2023, 2, 305282, 2, 6),
(120, 0, 0, 0, 2023, 3, 305282, 2, 6),
(121, 0, 0, 0, 2023, 4, 305282, 2, 6),
(122, 0, 0, 0, 2023, 5, 305282, 2, 6),
(123, 0, 0, 0, 2023, 6, 305282, 2, 6),
(124, 0, 0, 0, 2023, 7, 305282, 2, 6),
(125, 0, 0, 0, 2023, 8, 305282, 2, 6),
(126, 0, 0, 0, 2023, 9, 305282, 2, 6),
(127, 0, 0, 0, 2023, 10, 305282, 2, 6),
(128, 0, 0, 0, 2023, 11, 305282, 2, 6),
(129, 0, 0, 0, 2023, 12, 305282, 2, 6),
(130, 0, 0, 0, 2023, 13, 305282, 2, 6),
(131, 0, 0, 0, 2023, 14, 305282, 2, 6),
(132, 0, 0, 0, 2023, 15, 305282, 2, 6),
(133, 0, 0, 0, 2023, 16, 305282, 2, 6),
(134, 0, 0, 0, 2023, 17, 305282, 2, 6),
(135, 0, 0, 0, 2023, 18, 305282, 2, 6),
(136, 0, 0, 0, 2023, 19, 305282, 2, 6),
(137, 0, 0, 0, 2023, 20, 305282, 2, 6),
(138, 0, 0, 0, 2023, 21, 305282, 2, 6),
(139, 0, 0, 0, 2023, 22, 305282, 2, 6),
(140, 0, 0, 0, 2023, 23, 305282, 2, 6),
(141, 0, 0, 0, 2023, 24, 305282, 2, 6),
(142, 0, 0, 0, 2023, 25, 305282, 2, 6),
(143, 0, 0, 0, 2023, 26, 305282, 2, 6),
(144, 0, 0, 0, 2023, 27, 305282, 2, 6),
(145, 0, 0, 0, 2023, 28, 305282, 2, 6),
(146, 0, 0, 0, 2023, 29, 305282, 2, 6),
(147, 0, 0, 0, 2023, 30, 305282, 2, 6),
(148, 0, 0, 0, 2023, 31, 305282, 2, 6),
(149, 0, 0, 0, 2023, 32, 305282, 2, 6),
(150, 0, 0, 0, 2023, 33, 305282, 2, 6),
(151, 0, 0, 0, 2023, 34, 305282, 2, 6),
(152, 0, 0, 0, 2023, 35, 305282, 2, 6),
(153, 0, 0, 0, 2023, 36, 305282, 2, 6),
(154, 0, 0, 0, 2023, 37, 305282, 2, 6),
(155, 0, 0, 0, 2023, 38, 305282, 2, 6),
(156, 0, 0, 0, 2023, 39, 305282, 2, 6),
(157, 0, 0, 0, 2023, 40, 305282, 2, 6),
(158, 0, 0, 0, 2023, 41, 305282, 2, 6),
(159, 0, 0, 0, 2023, 42, 305282, 2, 6),
(160, 0, 0, 0, 2023, 43, 305282, 2, 6),
(161, 0, 0, 0, 2023, 44, 305282, 2, 6),
(162, 0, 0, 0, 2023, 45, 305282, 2, 6),
(163, 0, 0, 0, 2023, 46, 305282, 2, 6),
(164, 0, 0, 0, 2023, 47, 305282, 2, 6),
(165, 0, 0, 0, 2023, 48, 305282, 2, 6),
(166, 0, 0, 0, 2023, 49, 305282, 2, 6),
(167, 0, 0, 0, 2023, 50, 305282, 2, 6),
(168, 0, 0, 0, 2023, 51, 305282, 2, 6),
(169, 0, 0, 0, 2023, 52, 305282, 2, 6),
(170, 0, 0, 0, 2023, 53, 305282, 2, 6),
(171, 0, 0, 0, 2023, 54, 305282, 2, 6),
(172, 0, 0, 0, 2023, 55, 305282, 2, 6),
(173, 0, 0, 0, 2023, 56, 305282, 2, 6),
(174, 0, 0, 0, 2023, 57, 305282, 2, 6),
(175, 0, 0, 0, 2023, 58, 305282, 2, 6),
(176, 0, 0, 0, 2023, 59, 305282, 2, 6),
(177, 0, 0, 0, 2023, 60, 305282, 2, 6),
(178, 0, 0, 0, 2023, 61, 305282, 2, 6),
(179, 0, 0, 0, 2023, 62, 305282, 2, 6),
(180, 0, 0, 0, 2023, 63, 305282, 2, 6),
(181, 0, 0, 0, 2023, 64, 305282, 2, 6),
(182, 0, 0, 0, 2023, 65, 305282, 2, 6),
(183, 0, 0, 0, 2023, 66, 305282, 2, 6),
(184, 0, 0, 0, 2023, 67, 305282, 2, 6),
(185, 0, 0, 0, 2023, 68, 305282, 2, 6),
(186, 0, 0, 0, 2023, 69, 305282, 2, 6),
(187, 0, 0, 0, 2023, 70, 305282, 2, 6),
(188, 0, 0, 0, 2023, 71, 305282, 2, 6),
(189, 0, 0, 0, 2023, 72, 305282, 2, 6),
(190, 0, 0, 0, 2023, 73, 305282, 2, 6),
(191, 0, 0, 0, 2023, 74, 305282, 2, 6),
(192, 0, 0, 0, 2023, 75, 305282, 2, 6),
(193, 0, 0, 0, 2023, 76, 305282, 2, 6),
(194, 0, 0, 0, 2023, 77, 305282, 2, 6),
(195, 0, 0, 0, 2023, 78, 305282, 2, 6),
(196, 0, 0, 0, 2023, 79, 305282, 2, 6),
(197, 0, 0, 0, 2023, 80, 305282, 2, 6),
(198, 0, 0, 0, 2023, 81, 305282, 2, 6),
(199, 0, 0, 0, 2023, 82, 305282, 2, 6),
(200, 0, 0, 0, 2023, 83, 305282, 2, 6),
(201, 0, 0, 0, 2023, 84, 305282, 2, 6),
(202, 0, 0, 0, 2023, 85, 305282, 2, 6),
(203, 0, 0, 0, 2023, 86, 305282, 2, 6),
(204, 0, 0, 0, 2023, 87, 305282, 2, 6),
(205, 0, 0, 0, 2023, 88, 305282, 2, 6),
(206, 0, 0, 0, 2023, 89, 305282, 2, 6),
(207, 0, 0, 0, 2023, 90, 305282, 2, 6),
(208, 0, 0, 0, 2023, 91, 305282, 2, 6),
(209, 0, 0, 0, 2023, 92, 305282, 2, 6),
(210, 0, 0, 0, 2023, 93, 305282, 2, 6),
(211, 0, 0, 0, 2023, 94, 305282, 2, 6),
(212, 0, 0, 0, 2023, 95, 305282, 2, 6),
(213, 0, 0, 0, 2023, 96, 305282, 2, 6),
(214, 0, 0, 0, 2023, 97, 305282, 2, 6),
(215, 0, 0, 0, 2023, 98, 305282, 2, 6),
(216, 0, 0, 0, 2023, 99, 305282, 2, 6),
(217, 0, 0, 0, 2023, 100, 305282, 2, 6),
(218, 0, 0, 0, 2023, 1, 305282, 2, 6),
(219, 0, 0, 0, 2023, 2, 305282, 2, 6),
(220, 0, 0, 0, 2023, 3, 305282, 2, 6),
(221, 0, 0, 0, 2023, 4, 305282, 2, 6),
(222, 0, 0, 0, 2023, 5, 305282, 2, 6),
(223, 0, 0, 0, 2023, 6, 305282, 2, 6),
(224, 0, 0, 0, 2023, 7, 305282, 2, 6),
(225, 0, 0, 0, 2023, 8, 305282, 2, 6),
(226, 0, 0, 0, 2023, 9, 305282, 2, 6),
(227, 0, 0, 0, 2023, 10, 305282, 2, 6),
(228, 0, 0, 0, 2023, 11, 305282, 2, 6),
(229, 0, 0, 0, 2023, 12, 305282, 2, 6),
(230, 0, 0, 0, 2023, 13, 305282, 2, 6),
(231, 0, 0, 0, 2023, 14, 305282, 2, 6),
(232, 0, 0, 0, 2023, 15, 305282, 2, 6),
(233, 0, 0, 0, 2023, 16, 305282, 2, 6),
(234, 0, 0, 0, 2023, 17, 305282, 2, 6),
(235, 0, 0, 0, 2023, 18, 305282, 2, 6),
(236, 0, 0, 0, 2023, 19, 305282, 2, 6),
(237, 0, 0, 0, 2023, 20, 305282, 2, 6),
(238, 0, 0, 0, 2023, 21, 305282, 2, 6),
(239, 0, 0, 0, 2023, 22, 305282, 2, 6),
(240, 0, 0, 0, 2023, 23, 305282, 2, 6),
(241, 0, 0, 0, 2023, 24, 305282, 2, 6),
(242, 0, 0, 0, 2023, 25, 305282, 2, 6),
(243, 0, 0, 0, 2023, 26, 305282, 2, 6),
(244, 0, 0, 0, 2023, 27, 305282, 2, 6),
(245, 0, 0, 0, 2023, 28, 305282, 2, 6),
(246, 0, 0, 0, 2023, 29, 305282, 2, 6),
(247, 0, 0, 0, 2023, 30, 305282, 2, 6),
(248, 0, 0, 0, 2023, 31, 305282, 2, 6),
(249, 0, 0, 0, 2023, 32, 305282, 2, 6),
(250, 0, 0, 0, 2023, 33, 305282, 2, 6),
(251, 0, 0, 0, 2023, 34, 305282, 2, 6),
(252, 0, 0, 0, 2023, 35, 305282, 2, 6),
(253, 0, 0, 0, 2023, 36, 305282, 2, 6),
(254, 0, 0, 0, 2023, 37, 305282, 2, 6),
(255, 0, 0, 0, 2023, 38, 305282, 2, 6),
(256, 0, 0, 0, 2023, 39, 305282, 2, 6),
(257, 0, 0, 0, 2023, 40, 305282, 2, 6),
(258, 0, 0, 0, 2023, 41, 305282, 2, 6),
(259, 0, 0, 0, 2023, 42, 305282, 2, 6),
(260, 0, 0, 0, 2023, 43, 305282, 2, 6),
(261, 0, 0, 0, 2023, 44, 305282, 2, 6),
(262, 0, 0, 0, 2023, 45, 305282, 2, 6),
(263, 0, 0, 0, 2023, 46, 305282, 2, 6),
(264, 0, 0, 0, 2023, 47, 305282, 2, 6),
(265, 0, 0, 0, 2023, 48, 305282, 2, 6),
(266, 0, 0, 0, 2023, 49, 305282, 2, 6),
(267, 0, 0, 0, 2023, 50, 305282, 2, 6),
(268, 0, 0, 0, 2023, 51, 305282, 2, 6),
(269, 0, 0, 0, 2023, 52, 305282, 2, 6),
(270, 0, 0, 0, 2023, 53, 305282, 2, 6),
(271, 0, 0, 0, 2023, 54, 305282, 2, 6),
(272, 0, 0, 0, 2023, 55, 305282, 2, 6),
(273, 0, 0, 0, 2023, 56, 305282, 2, 6),
(274, 0, 0, 0, 2023, 57, 305282, 2, 6),
(275, 0, 0, 0, 2023, 58, 305282, 2, 6),
(276, 0, 0, 0, 2023, 59, 305282, 2, 6),
(277, 0, 0, 0, 2023, 60, 305282, 2, 6),
(278, 0, 0, 0, 2023, 61, 305282, 2, 6),
(279, 0, 0, 0, 2023, 62, 305282, 2, 6),
(280, 0, 0, 0, 2023, 63, 305282, 2, 6),
(281, 0, 0, 0, 2023, 64, 305282, 2, 6),
(282, 0, 0, 0, 2023, 65, 305282, 2, 6),
(283, 0, 0, 0, 2023, 66, 305282, 2, 6),
(284, 0, 0, 0, 2023, 67, 305282, 2, 6),
(285, 0, 0, 0, 2023, 68, 305282, 2, 6),
(286, 0, 0, 0, 2023, 69, 305282, 2, 6),
(287, 0, 0, 0, 2023, 70, 305282, 2, 6),
(288, 0, 0, 0, 2023, 71, 305282, 2, 6),
(289, 0, 0, 0, 2023, 72, 305282, 2, 6),
(290, 0, 0, 0, 2023, 73, 305282, 2, 6),
(291, 0, 0, 0, 2023, 74, 305282, 2, 6),
(292, 0, 0, 0, 2023, 75, 305282, 2, 6),
(293, 0, 0, 0, 2023, 76, 305282, 2, 6),
(294, 0, 0, 0, 2023, 77, 305282, 2, 6),
(295, 0, 0, 0, 2023, 78, 305282, 2, 6),
(296, 0, 0, 0, 2023, 79, 305282, 2, 6),
(297, 0, 0, 0, 2023, 80, 305282, 2, 6),
(298, 0, 0, 0, 2023, 81, 305282, 2, 6),
(299, 0, 0, 0, 2023, 82, 305282, 2, 6),
(300, 0, 0, 0, 2023, 83, 305282, 2, 6),
(301, 0, 0, 0, 2023, 84, 305282, 2, 6),
(302, 0, 0, 0, 2023, 85, 305282, 2, 6),
(303, 0, 0, 0, 2023, 86, 305282, 2, 6),
(304, 0, 0, 0, 2023, 87, 305282, 2, 6),
(305, 0, 0, 0, 2023, 88, 305282, 2, 6),
(306, 0, 0, 0, 2023, 89, 305282, 2, 6),
(307, 0, 0, 0, 2023, 90, 305282, 2, 6),
(308, 0, 0, 0, 2023, 91, 305282, 2, 6),
(309, 0, 0, 0, 2023, 92, 305282, 2, 6),
(310, 0, 0, 0, 2023, 93, 305282, 2, 6),
(311, 0, 0, 0, 2023, 94, 305282, 2, 6),
(312, 0, 0, 0, 2023, 95, 305282, 2, 6),
(313, 0, 0, 0, 2023, 96, 305282, 2, 6),
(314, 0, 0, 0, 2023, 97, 305282, 2, 6),
(315, 0, 0, 0, 2023, 98, 305282, 2, 6),
(316, 0, 0, 0, 2023, 99, 305282, 2, 6),
(317, 0, 0, 0, 2023, 100, 305282, 2, 6);

-- --------------------------------------------------------

--
-- Table structure for table `student_sub_assign_score`
--

CREATE TABLE `student_sub_assign_score` (
  `student_sub_assign_score_id` int(11) NOT NULL,
  `score` int(11) NOT NULL,
  `sub_assign_id` int(11) NOT NULL,
  `student_id` int(11) NOT NULL,
  `clo_assign_id` int(11) NOT NULL
) ENGINE=InnoDB DEFAULT CHARSET=utf8mb4;

--
-- Dumping data for table `student_sub_assign_score`
--

INSERT INTO `student_sub_assign_score` (`student_sub_assign_score_id`, `score`, `sub_assign_id`, `student_id`, `clo_assign_id`) VALUES
(19, 1, 3, 1, 25),
(20, 1, 3, 2, 25),
(21, 1, 3, 3, 25),
(22, 1, 3, 4, 25),
(23, 1, 3, 5, 25),
(24, 1, 3, 6, 25),
(25, 1, 3, 7, 25),
(26, 1, 3, 8, 25),
(27, 1, 3, 9, 25),
(28, 1, 3, 10, 25),
(29, 1, 3, 11, 25),
(30, 1, 3, 12, 25),
(31, 1, 3, 13, 25),
(32, 1, 3, 14, 25),
(33, 1, 3, 15, 25),
(34, 1, 3, 16, 25),
(35, 1, 3, 17, 25),
(36, 1, 3, 18, 25),
(37, 1, 3, 19, 25),
(38, 1, 3, 20, 25),
(39, 1, 3, 21, 25),
(40, 1, 3, 22, 25),
(41, 1, 3, 23, 25),
(42, 1, 3, 24, 25),
(43, 1, 3, 25, 25),
(44, 1, 3, 26, 25),
(45, 1, 3, 27, 25),
(46, 1, 3, 28, 25),
(47, 1, 3, 29, 25),
(48, 1, 3, 30, 25),
(49, 1, 3, 31, 25),
(50, 1, 3, 32, 25),
(51, 1, 3, 33, 25),
(52, 0, 3, 34, 25),
(53, 1, 3, 35, 25),
(54, 1, 3, 36, 25),
(55, 1, 3, 37, 25),
(56, 1, 3, 38, 25),
(57, 1, 3, 39, 25),
(58, 0, 3, 40, 25),
(59, 1, 3, 41, 25),
(60, 0, 3, 42, 25),
(61, 1, 3, 43, 25),
(62, 1, 3, 44, 25),
(63, 1, 3, 45, 25),
(64, 1, 3, 46, 25),
(65, 1, 3, 47, 25),
(66, 1, 3, 48, 25),
(67, 1, 3, 49, 25),
(68, 1, 3, 50, 25),
(69, 0, 3, 51, 25),
(70, 0, 3, 52, 25),
(71, 1, 3, 53, 25),
(72, 1, 3, 54, 25),
(73, 1, 3, 55, 25),
(74, 0, 3, 56, 25),
(75, 1, 3, 57, 25),
(76, 1, 3, 58, 25),
(77, 1, 3, 59, 25),
(78, 1, 3, 60, 25),
(79, 1, 3, 61, 25),
(80, 1, 3, 62, 25),
(81, 1, 3, 63, 25),
(82, 1, 3, 64, 25),
(83, 1, 3, 65, 25),
(84, 1, 3, 66, 25),
(85, 1, 3, 67, 25),
(86, 1, 3, 68, 25),
(87, 1, 3, 69, 25),
(88, 1, 3, 70, 25),
(89, 1, 3, 71, 25),
(90, 1, 3, 72, 25),
(91, 1, 3, 73, 25),
(92, 1, 3, 74, 25),
(93, 1, 3, 75, 25),
(94, 1, 3, 76, 25),
(95, 1, 3, 77, 25),
(96, 1, 3, 78, 25),
(97, 1, 3, 79, 25),
(98, 1, 3, 80, 25),
(99, 1, 3, 81, 25),
(100, 1, 3, 82, 25),
(101, 1, 3, 83, 25),
(102, 1, 4, 84, 25),
(103, 1, 4, 85, 25),
(104, 1, 4, 86, 25),
(105, 1, 4, 87, 25),
(106, 1, 4, 88, 25),
(107, 0, 4, 89, 25),
(108, 0, 4, 90, 25),
(109, 1, 4, 91, 25),
(110, 1, 4, 92, 25),
(111, 0, 4, 93, 25),
(112, 1, 4, 94, 25),
(113, 1, 4, 95, 25),
(114, 1, 4, 96, 25),
(115, 1, 4, 97, 25),
(116, 1, 4, 98, 25),
(117, 1, 4, 99, 25),
(118, 1, 4, 100, 25),
(119, 4, 4, 1, 26),
(120, 0, 4, 2, 26),
(121, 4, 4, 3, 26),
(122, 4, 4, 4, 26),
(123, 4, 4, 5, 26),
(124, 4, 4, 6, 26),
(125, 4, 4, 7, 26),
(126, 4, 4, 8, 26),
(127, 4, 4, 9, 26),
(128, 4, 4, 10, 26),
(129, 0, 4, 11, 26),
(130, 4, 4, 12, 26),
(131, 4, 4, 13, 26),
(132, 0, 4, 14, 26),
(133, 4, 4, 15, 26),
(134, 4, 4, 16, 26),
(135, 4, 4, 17, 26),
(136, 4, 4, 18, 26),
(137, 0, 4, 19, 26),
(138, 0, 4, 20, 26),
(139, 4, 4, 21, 26),
(140, 4, 4, 22, 26),
(141, 0, 4, 23, 26),
(142, 4, 4, 24, 26),
(143, 0, 4, 25, 26),
(144, 4, 4, 26, 26),
(145, 4, 4, 27, 26),
(146, 4, 4, 28, 26),
(147, 4, 4, 29, 26),
(148, 4, 4, 30, 26),
(149, 0, 4, 31, 26),
(150, 0, 4, 32, 26),
(151, 2, 4, 33, 26),
(152, 4, 4, 34, 26),
(153, 4, 4, 35, 26),
(154, 4, 4, 36, 26),
(155, 2, 4, 37, 26),
(156, 4, 4, 38, 26),
(157, 4, 4, 39, 26),
(158, 0, 4, 40, 26),
(159, 4, 4, 41, 26),
(160, 4, 4, 42, 26),
(161, 4, 4, 43, 26),
(162, 2, 4, 44, 26),
(163, 4, 4, 45, 26),
(164, 4, 4, 46, 26),
(165, 4, 4, 47, 26),
(166, 4, 4, 48, 26),
(167, 4, 4, 49, 26),
(168, 4, 4, 50, 26),
(169, 4, 4, 51, 26),
(170, 4, 4, 52, 26),
(171, 4, 4, 53, 26),
(172, 4, 4, 54, 26),
(173, 4, 4, 55, 26),
(174, 4, 4, 56, 26),
(175, 2, 4, 57, 26),
(176, 4, 4, 58, 26),
(177, 4, 4, 59, 26),
(178, 2, 4, 60, 26),
(179, 4, 4, 61, 26),
(180, 4, 4, 62, 26),
(181, 2, 4, 63, 26),
(182, 2, 4, 64, 26),
(183, 4, 4, 65, 26),
(184, 4, 4, 66, 26),
(185, 4, 4, 67, 26),
(186, 4, 4, 68, 26),
(187, 4, 4, 69, 26),
(188, 4, 4, 70, 26),
(189, 2, 4, 71, 26),
(190, 4, 4, 72, 26),
(191, 4, 4, 73, 26),
(192, 4, 4, 74, 26),
(193, 4, 4, 75, 26),
(194, 4, 4, 76, 26),
(195, 4, 4, 77, 26),
(196, 4, 4, 78, 26),
(197, 4, 4, 79, 26),
(198, 4, 4, 80, 26),
(199, 4, 4, 81, 26),
(200, 4, 4, 82, 26),
(201, 4, 4, 83, 26),
(202, 0, 4, 84, 26),
(203, 4, 4, 85, 26),
(204, 4, 4, 86, 26),
(205, 4, 4, 87, 26),
(206, 4, 4, 88, 26),
(207, 0, 4, 89, 26),
(208, 4, 4, 90, 26),
(209, 4, 4, 91, 26),
(210, 2, 4, 92, 26),
(211, 2, 4, 93, 26),
(212, 2, 4, 94, 26),
(213, 4, 4, 95, 26),
(214, 4, 4, 96, 26),
(215, 4, 4, 97, 26),
(216, 0, 4, 98, 26),
(217, 2, 4, 99, 26),
(218, 4, 4, 100, 26),
(219, 0, 5, 1, 27),
(220, 0, 5, 2, 27),
(221, 10, 5, 3, 27),
(222, 10, 5, 4, 27),
(223, 10, 5, 5, 27),
(224, 5, 5, 6, 27),
(225, 0, 5, 7, 27),
(226, 10, 5, 8, 27),
(227, 10, 5, 9, 27),
(228, 5, 5, 10, 27),
(229, 10, 5, 11, 27),
(230, 10, 5, 12, 27),
(231, 10, 5, 13, 27),
(232, 10, 5, 14, 27),
(233, 0, 5, 15, 27),
(234, 10, 5, 16, 27),
(235, 0, 5, 17, 27),
(236, 5, 5, 18, 27),
(237, 10, 5, 19, 27),
(238, 0, 5, 20, 27),
(239, 10, 5, 21, 27),
(240, 5, 5, 22, 27),
(241, 0, 5, 23, 27),
(242, 10, 5, 24, 27),
(243, 0, 5, 25, 27),
(244, 0, 5, 26, 27),
(245, 0, 5, 27, 27),
(246, 10, 5, 28, 27),
(247, 0, 5, 29, 27),
(248, 0, 5, 30, 27),
(249, 0, 5, 31, 27),
(250, 8, 5, 32, 27),
(251, 0, 5, 33, 27),
(252, 0, 5, 34, 27),
(253, 0, 5, 35, 27),
(254, 0, 5, 36, 27),
(255, 7, 5, 37, 27),
(256, 10, 5, 38, 27),
(257, 10, 5, 39, 27),
(258, 0, 5, 40, 27),
(259, 10, 5, 41, 27),
(260, 5, 5, 42, 27),
(261, 10, 5, 43, 27),
(262, 10, 5, 44, 27),
(263, 5, 5, 45, 27),
(264, 0, 5, 46, 27),
(265, 10, 5, 47, 27),
(266, 10, 5, 48, 27),
(267, 10, 5, 49, 27),
(268, 5, 5, 50, 27),
(269, 10, 5, 51, 27),
(270, 9, 5, 52, 27),
(271, 10, 5, 53, 27),
(272, 10, 5, 54, 27),
(273, 10, 5, 55, 27),
(274, 10, 5, 56, 27),
(275, 5, 5, 57, 27),
(276, 10, 5, 58, 27),
(277, 10, 5, 59, 27),
(278, 0, 5, 60, 27),
(279, 10, 5, 61, 27),
(280, 10, 5, 62, 27),
(281, 0, 5, 63, 27),
(282, 10, 5, 64, 27),
(283, 10, 5, 65, 27),
(284, 10, 5, 66, 27),
(285, 10, 5, 67, 27),
(286, 10, 5, 68, 27),
(287, 10, 5, 69, 27),
(288, 5, 5, 70, 27),
(289, 0, 5, 71, 27),
(290, 5, 5, 72, 27),
(291, 4, 5, 73, 27),
(292, 10, 5, 74, 27),
(293, 10, 5, 75, 27),
(294, 8, 5, 76, 27),
(295, 8, 5, 77, 27),
(296, 10, 5, 78, 27),
(297, 0, 5, 79, 27),
(298, 5, 5, 80, 27),
(299, 10, 5, 81, 27),
(300, 9, 5, 82, 27),
(301, 5, 5, 83, 27),
(302, 0, 5, 84, 27),
(303, 5, 5, 85, 27),
(304, 5, 5, 86, 27),
(305, 5, 5, 87, 27),
(306, 0, 5, 88, 27),
(307, 0, 5, 89, 27),
(308, 0, 5, 90, 27),
(309, 10, 5, 91, 27),
(310, 10, 5, 92, 27),
(311, 10, 5, 93, 27),
(312, 10, 5, 94, 27),
(313, 0, 5, 95, 27),
(314, 10, 5, 96, 27),
(315, 0, 5, 97, 27),
(316, 0, 5, 98, 27),
(317, 0, 5, 99, 27),
(318, 0, 5, 100, 27),
(319, 1, 3, 1, 28),
(320, 3, 3, 2, 28),
(321, 4, 3, 3, 28),
(322, 8, 3, 4, 28),
(323, 8, 3, 5, 28),
(324, 8, 3, 6, 28),
(325, 8, 3, 7, 28),
(326, 5, 3, 8, 28),
(327, 8, 3, 9, 28),
(328, 8, 3, 10, 28),
(329, 6, 3, 11, 28),
(330, 8, 3, 12, 28),
(331, 7, 3, 13, 28),
(332, 8, 3, 14, 28),
(333, 8, 3, 15, 28),
(334, 8, 3, 16, 28),
(335, 0, 3, 17, 28),
(336, 8, 3, 18, 28),
(337, 0, 3, 19, 28),
(338, 4, 3, 20, 28),
(339, 8, 3, 21, 28),
(340, 4, 3, 22, 28),
(341, 7, 3, 23, 28),
(342, 2, 3, 24, 28),
(343, 8, 3, 25, 28),
(344, 8, 3, 26, 28),
(345, 0, 3, 27, 28),
(346, 0, 3, 28, 28),
(347, 8, 3, 29, 28),
(348, 6, 3, 30, 28),
(349, 6, 3, 31, 28),
(350, 8, 3, 32, 28),
(351, 6, 3, 33, 28),
(352, 0, 3, 34, 28),
(353, 8, 3, 35, 28),
(354, 8, 3, 36, 28),
(355, 8, 3, 37, 28),
(356, 5, 3, 38, 28),
(357, 8, 3, 39, 28),
(358, 8, 3, 40, 28),
(359, 0, 3, 41, 28),
(360, 4, 3, 42, 28),
(361, 4, 3, 43, 28),
(362, 6, 3, 44, 28),
(363, 8, 3, 45, 28),
(364, 8, 3, 46, 28),
(365, 8, 3, 47, 28),
(366, 8, 3, 48, 28),
(367, 8, 3, 49, 28),
(368, 8, 3, 50, 28),
(369, 8, 3, 51, 28),
(370, 8, 3, 52, 28),
(371, 7, 3, 53, 28),
(372, 8, 3, 54, 28),
(373, 0, 3, 55, 28),
(374, 8, 3, 56, 28),
(375, 8, 3, 57, 28),
(376, 8, 3, 58, 28),
(377, 8, 3, 59, 28),
(378, 8, 3, 60, 28),
(379, 8, 3, 61, 28),
(380, 8, 3, 62, 28),
(381, 8, 3, 63, 28),
(382, 8, 3, 64, 28),
(383, 8, 3, 65, 28),
(384, 8, 3, 66, 28),
(385, 8, 3, 67, 28),
(386, 0, 3, 68, 28),
(387, 6, 3, 69, 28),
(388, 8, 3, 70, 28),
(389, 2, 3, 71, 28),
(390, 8, 3, 72, 28),
(391, 8, 3, 73, 28),
(392, 8, 3, 74, 28),
(393, 8, 3, 75, 28),
(394, 8, 3, 76, 28),
(395, 8, 3, 77, 28),
(396, 8, 3, 78, 28),
(397, 7, 3, 79, 28),
(398, 8, 3, 80, 28),
(399, 8, 3, 81, 28),
(400, 8, 3, 82, 28),
(401, 8, 3, 83, 28),
(402, 8, 3, 84, 28),
(403, 8, 3, 85, 28),
(404, 8, 3, 86, 28),
(405, 8, 3, 87, 28),
(406, 8, 3, 88, 28),
(407, 8, 3, 89, 28),
(408, 0, 3, 90, 28),
(409, 8, 3, 91, 28),
(410, 0, 3, 92, 28),
(411, 8, 3, 93, 28),
(412, 8, 3, 94, 28),
(413, 4, 3, 95, 28),
(414, 8, 3, 96, 28),
(415, 8, 3, 97, 28),
(416, 8, 3, 98, 28),
(417, 8, 3, 99, 28),
(418, 8, 3, 100, 28),
(419, 0, 4, 1, 31),
(420, 1, 4, 2, 31),
(421, 0, 4, 3, 31),
(422, 0, 4, 4, 31),
(423, 1, 4, 5, 31),
(424, 1, 4, 6, 31),
(425, 1, 4, 7, 31),
(426, 1, 4, 8, 31),
(427, 1, 4, 9, 31),
(428, 1, 4, 10, 31),
(429, 1, 4, 11, 31),
(430, 1, 4, 12, 31),
(431, 0, 4, 13, 31),
(432, 0, 4, 14, 31),
(433, 0, 4, 15, 31),
(434, 0, 4, 16, 31),
(435, 1, 4, 17, 31),
(436, 0, 4, 18, 31),
(437, 1, 4, 19, 31),
(438, 1, 4, 20, 31),
(439, 1, 4, 21, 31),
(440, 1, 4, 22, 31),
(441, 1, 4, 23, 31),
(442, 1, 4, 24, 31),
(443, 1, 4, 25, 31),
(444, 1, 4, 26, 31),
(445, 0, 4, 27, 31),
(446, 1, 4, 28, 31),
(447, 1, 4, 29, 31),
(448, 1, 4, 30, 31),
(449, 1, 4, 31, 31),
(450, 1, 4, 32, 31),
(451, 0, 4, 33, 31),
(452, 1, 4, 34, 31),
(453, 1, 4, 35, 31),
(454, 1, 4, 36, 31),
(455, 1, 4, 37, 31),
(456, 1, 4, 38, 31),
(457, 1, 4, 39, 31),
(458, 0, 4, 40, 31),
(459, 1, 4, 41, 31),
(460, 1, 4, 42, 31),
(461, 1, 4, 43, 31),
(462, 1, 4, 44, 31),
(463, 1, 4, 45, 31),
(464, 1, 4, 46, 31),
(465, 1, 4, 47, 31),
(466, 1, 4, 48, 31),
(467, 1, 4, 49, 31),
(468, 0, 4, 50, 31),
(469, 1, 4, 51, 31),
(470, 1, 4, 52, 31),
(471, 1, 4, 53, 31),
(472, 1, 4, 54, 31),
(473, 1, 4, 55, 31),
(474, 1, 4, 56, 31),
(475, 1, 4, 57, 31),
(476, 1, 4, 58, 31),
(477, 1, 4, 59, 31),
(478, 0, 4, 60, 31),
(479, 1, 4, 61, 31),
(480, 1, 4, 62, 31),
(481, 1, 4, 63, 31),
(482, 0, 4, 64, 31),
(483, 1, 4, 65, 31),
(484, 1, 4, 66, 31),
(485, 1, 4, 67, 31),
(486, 1, 4, 68, 31),
(487, 1, 4, 69, 31),
(488, 1, 4, 70, 31),
(489, 1, 4, 71, 31),
(490, 1, 4, 72, 31),
(491, 1, 4, 73, 31),
(492, 1, 4, 74, 31),
(493, 1, 4, 75, 31),
(494, 1, 4, 76, 31),
(495, 1, 4, 77, 31),
(496, 0, 4, 78, 31),
(497, 0, 4, 79, 31),
(498, 1, 4, 80, 31),
(499, 1, 4, 81, 31),
(500, 1, 4, 82, 31),
(501, 1, 4, 83, 31),
(502, 0, 4, 84, 31),
(503, 1, 4, 85, 31),
(504, 1, 4, 86, 31),
(505, 1, 4, 87, 31),
(506, 1, 4, 88, 31),
(507, 0, 4, 89, 31),
(508, 1, 4, 90, 31),
(509, 1, 4, 91, 31),
(510, 0, 4, 92, 31),
(511, 1, 4, 93, 31),
(512, 0, 4, 94, 31),
(513, 0, 4, 95, 31),
(514, 1, 4, 96, 31),
(515, 1, 4, 97, 31),
(516, 8, 4, 98, 31),
(517, 0, 4, 99, 31),
(518, 1, 4, 100, 31),
(519, 0, 5, 1, 32),
(520, 0, 5, 2, 32),
(521, 8, 5, 3, 32),
(522, 8, 5, 4, 32),
(523, 8, 5, 5, 32),
(524, 8, 5, 6, 32),
(525, 8, 5, 7, 32),
(526, 8, 5, 8, 32),
(527, 8, 5, 9, 32),
(528, 8, 5, 10, 32),
(529, 8, 5, 11, 32),
(530, 8, 5, 12, 32),
(531, 0, 5, 13, 32),
(532, 0, 5, 14, 32),
(533, 0, 5, 15, 32),
(534, 0, 5, 16, 32),
(535, 0, 5, 17, 32),
(536, 0, 5, 18, 32),
(537, 4, 5, 19, 32),
(538, 0, 5, 20, 32),
(539, 8, 5, 21, 32),
(540, 8, 5, 22, 32),
(541, 8, 5, 23, 32),
(542, 8, 5, 24, 32),
(543, 0, 5, 25, 32),
(544, 8, 5, 26, 32),
(545, 0, 5, 27, 32),
(546, 8, 5, 28, 32),
(547, 8, 5, 29, 32),
(548, 8, 5, 30, 32),
(549, 0, 5, 31, 32),
(550, 0, 5, 32, 32),
(551, 0, 5, 33, 32),
(552, 8, 5, 34, 32),
(553, 0, 5, 35, 32),
(554, 0, 5, 36, 32),
(555, 8, 5, 37, 32),
(556, 0, 5, 38, 32),
(557, 8, 5, 39, 32),
(558, 0, 5, 40, 32),
(559, 8, 5, 41, 32),
(560, 8, 5, 42, 32),
(561, 0, 5, 43, 32),
(562, 0, 5, 44, 32),
(563, 8, 5, 45, 32),
(564, 7, 5, 46, 32),
(565, 4, 5, 47, 32),
(566, 8, 5, 48, 32),
(567, 8, 5, 49, 32),
(568, 8, 5, 50, 32),
(569, 8, 5, 51, 32),
(570, 8, 5, 52, 32),
(571, 8, 5, 53, 32),
(572, 0, 5, 54, 32),
(573, 8, 5, 55, 32),
(574, 8, 5, 56, 32),
(575, 0, 5, 57, 32),
(576, 8, 5, 58, 32),
(577, 8, 5, 59, 32),
(578, 0, 5, 60, 32),
(579, 8, 5, 61, 32),
(580, 8, 5, 62, 32),
(581, 8, 5, 63, 32),
(582, 0, 5, 64, 32),
(583, 0, 5, 65, 32),
(584, 8, 5, 66, 32),
(585, 8, 5, 67, 32),
(586, 0, 5, 68, 32),
(587, 8, 5, 69, 32),
(588, 0, 5, 70, 32),
(589, 8, 5, 71, 32),
(590, 5, 5, 72, 32),
(591, 7, 5, 73, 32),
(592, 2, 5, 74, 32),
(593, 8, 5, 75, 32),
(594, 8, 5, 76, 32),
(595, 2, 5, 77, 32),
(596, 0, 5, 78, 32),
(597, 8, 5, 79, 32),
(598, 8, 5, 80, 32),
(599, 8, 5, 81, 32),
(600, 8, 5, 82, 32),
(601, 8, 5, 83, 32),
(602, 8, 5, 84, 32),
(603, 8, 5, 85, 32),
(604, 8, 5, 86, 32),
(605, 8, 5, 87, 32),
(606, 8, 5, 88, 32),
(607, 0, 5, 89, 32),
(608, 0, 5, 90, 32),
(609, 8, 5, 91, 32),
(610, 0, 5, 92, 32),
(611, 8, 5, 93, 32),
(612, 0, 5, 94, 32),
(613, 8, 5, 95, 32),
(614, 0, 5, 96, 32),
(615, 8, 5, 97, 32),
(616, 8, 5, 98, 32),
(617, 0, 5, 99, 32),
(618, 8, 5, 100, 32),
(619, 0, 3, 1, 30),
(620, 10, 3, 2, 30),
(621, 2, 3, 3, 30),
(622, 0, 3, 4, 30),
(623, 10, 3, 5, 30),
(624, 0, 3, 6, 30),
(625, 0, 3, 7, 30),
(626, 10, 3, 8, 30),
(627, 0, 3, 9, 30),
(628, 0, 3, 10, 30),
(629, 10, 3, 11, 30),
(630, 0, 3, 12, 30),
(631, 0, 3, 13, 30),
(632, 0, 3, 14, 30),
(633, 0, 3, 15, 30),
(634, 0, 3, 16, 30),
(635, 0, 3, 17, 30),
(636, 0, 3, 18, 30),
(637, 0, 3, 19, 30),
(638, 10, 3, 20, 30),
(639, 0, 3, 21, 30),
(640, 0, 3, 22, 30),
(641, 0, 3, 23, 30),
(642, 0, 3, 24, 30),
(643, 0, 3, 25, 30),
(644, 0, 3, 26, 30),
(645, 0, 3, 27, 30),
(646, 0, 3, 28, 30),
(647, 0, 3, 29, 30),
(648, 0, 3, 30, 30),
(649, 10, 3, 31, 30),
(650, 5, 3, 32, 30),
(651, 0, 3, 33, 30),
(652, 0, 3, 34, 30),
(653, 0, 3, 35, 30),
(654, 0, 3, 36, 30),
(655, 5, 3, 37, 30),
(656, 10, 3, 38, 30),
(657, 10, 3, 39, 30),
(658, 0, 3, 40, 30),
(659, 10, 3, 41, 30),
(660, 10, 3, 42, 30),
(661, 0, 3, 43, 30),
(662, 0, 3, 44, 30),
(663, 0, 3, 45, 30),
(664, 0, 3, 46, 30),
(665, 0, 3, 47, 30),
(666, 2, 3, 48, 30),
(667, 0, 3, 49, 30),
(668, 10, 3, 50, 30),
(669, 5, 3, 51, 30),
(670, 0, 3, 52, 30),
(671, 5, 3, 53, 30),
(672, 0, 3, 54, 30),
(673, 0, 3, 55, 30),
(674, 0, 3, 56, 30),
(675, 0, 3, 57, 30),
(676, 5, 3, 58, 30),
(677, 10, 3, 59, 30),
(678, 0, 3, 60, 30),
(679, 0, 3, 61, 30),
(680, 10, 3, 62, 30),
(681, 0, 3, 63, 30),
(682, 0, 3, 64, 30),
(683, 0, 3, 65, 30),
(684, 10, 3, 66, 30),
(685, 0, 3, 67, 30),
(686, 0, 3, 68, 30),
(687, 0, 3, 69, 30),
(688, 0, 3, 70, 30),
(689, 0, 3, 71, 30),
(690, 0, 3, 72, 30),
(691, 0, 3, 73, 30),
(692, 5, 3, 74, 30),
(693, 10, 3, 75, 30),
(694, 10, 3, 76, 30),
(695, 10, 3, 77, 30),
(696, 10, 3, 78, 30),
(697, 0, 3, 79, 30),
(698, 10, 3, 80, 30),
(699, 5, 3, 81, 30),
(700, 0, 3, 82, 30),
(701, 0, 3, 83, 30),
(702, 0, 3, 84, 30),
(703, 0, 3, 85, 30),
(704, 0, 3, 86, 30),
(705, 0, 3, 87, 30),
(706, 0, 3, 88, 30),
(707, 0, 3, 89, 30),
(708, 10, 3, 90, 30),
(709, 10, 3, 91, 30),
(710, 0, 3, 92, 30),
(711, 0, 3, 93, 30),
(712, 0, 3, 94, 30),
(713, 0, 3, 95, 30),
(714, 0, 3, 96, 30),
(715, 0, 3, 97, 30),
(716, 0, 3, 98, 30),
(717, 0, 3, 99, 30),
(718, 0, 3, 100, 30);

-- --------------------------------------------------------

--
-- Table structure for table `sub_assignment`
--

CREATE TABLE `sub_assignment` (
  `sub_assign_id` int(11) NOT NULL,
  `topic` varchar(255) NOT NULL,
  `full_score` int(11) NOT NULL,
  `weight` int(11) NOT NULL,
  `assign_id` int(11) NOT NULL
) ENGINE=InnoDB DEFAULT CHARSET=utf8mb4;

--
-- Dumping data for table `sub_assignment`
--

INSERT INTO `sub_assignment` (`sub_assign_id`, `topic`, `full_score`, `weight`, `assign_id`) VALUES
(3, 'coding', 0, 25, 3),
(4, 'for loop', 0, 25, 3),
(5, 'while loop', 0, 30, 3),
(6, 'coding', 0, 30, 5),
(8, 'test', 0, 25, 5),
(11, 'test', 0, 25, 12),
(12, 'test', 0, 25, 17);

-- --------------------------------------------------------

--
-- Table structure for table `teacher`
--

CREATE TABLE `teacher` (
  `teacher_id` int(11) NOT NULL,
  `pname` varchar(255) NOT NULL,
  `fname` varchar(255) NOT NULL,
  `lname` varchar(255) NOT NULL,
  `type` varchar(255) NOT NULL
) ENGINE=InnoDB DEFAULT CHARSET=utf8mb4;

--
-- Dumping data for table `teacher`
--

INSERT INTO `teacher` (`teacher_id`, `pname`, `fname`, `lname`, `type`) VALUES
(123456, '', 'สุพิชญา', 'ศรีวรรณวิไล', 'วิศวกรรมศาสตร์'),
(62363660, 'maprang', 'Boonsita', 'Puangart', 'engineer'),
(62363662, '', 'test', 'test', 'tterst');

-- --------------------------------------------------------

--
-- Table structure for table `user`
--

CREATE TABLE `user` (
  `user_id` int(11) NOT NULL,
  `username` varchar(255) NOT NULL,
  `password` varchar(255) NOT NULL,
  `id` varchar(255) NOT NULL
) ENGINE=InnoDB DEFAULT CHARSET=utf8mb4;

--
-- Dumping data for table `user`
--

INSERT INTO `user` (`user_id`, `username`, `password`, `id`) VALUES
(1, 'maprang', 'Pr@ng', '62363660'),
(2, 'maprang1', '1234', '62363661'),
(4, 'student', '1234', '62361234'),
(5, 'advisor', '123456', '123456'),
(6, 'nongklath', '12345', '62366074');

--
-- Indexes for dumped tables
--

--
-- Indexes for table `assignment`
--
ALTER TABLE `assignment`
  ADD PRIMARY KEY (`assign_id`),
  ADD KEY `course_assignment` (`course_id`),
  ADD KEY `teacher_assignment` (`teacher_id`);

--
-- Indexes for table `calculate_assign`
--
ALTER TABLE `calculate_assign`
  ADD PRIMARY KEY (`calculate_assign_id`);

--
-- Indexes for table `calculate_plo`
--
ALTER TABLE `calculate_plo`
  ADD PRIMARY KEY (`calculate_plo_id`);

--
-- Indexes for table `calculate_plo_course`
--
ALTER TABLE `calculate_plo_course`
  ADD PRIMARY KEY (`calculate_plo_course_id`);

--
-- Indexes for table `calculate_proport`
--
ALTER TABLE `calculate_proport`
  ADD PRIMARY KEY (`calculate_proport_id`);

--
-- Indexes for table `calculate_sub_assign`
--
ALTER TABLE `calculate_sub_assign`
  ADD PRIMARY KEY (`calculate_sub_assign_id`);

--
-- Indexes for table `clo`
--
ALTER TABLE `clo`
  ADD PRIMARY KEY (`clo_id`);

--
-- Indexes for table `clo_assignment`
--
ALTER TABLE `clo_assignment`
  ADD PRIMARY KEY (`clo_assign_id`),
  ADD KEY `clo_clo_assign` (`clo_id`),
  ADD KEY `assignment_clo_assignment` (`assign_id`),
  ADD KEY `sub_assign_clo_assign` (`sub_assign_id`);

--
-- Indexes for table `course`
--
ALTER TABLE `course`
  ADD PRIMARY KEY (`course_id`);

--
-- Indexes for table `course_clo`
--
ALTER TABLE `course_clo`
  ADD PRIMARY KEY (`course_clo_id`),
  ADD KEY `course_course_clo` (`course_id`),
  ADD KEY `clo_course_clo` (`clo_id`),
  ADD KEY `semester_course_clo` (`semester_id`),
  ADD KEY `section_course_clo` (`section_id`);

--
-- Indexes for table `course_plo`
--
ALTER TABLE `course_plo`
  ADD PRIMARY KEY (`course_plo_id`),
  ADD KEY `plo_course_plo` (`plo_id`),
  ADD KEY `course_course_plo` (`course_id`);

--
-- Indexes for table `plo`
--
ALTER TABLE `plo`
  ADD PRIMARY KEY (`plo_id`);

--
-- Indexes for table `plo_clo`
--
ALTER TABLE `plo_clo`
  ADD PRIMARY KEY (`plo_clo_id`),
  ADD KEY `semester_plo_clo` (`semester_id`),
  ADD KEY `course_plo_clo` (`course_id`),
  ADD KEY `section_plo_clo` (`section_id`),
  ADD KEY `plo_plo_clo` (`plo_id`),
  ADD KEY `clo_plo_clo` (`clo_id`);

--
-- Indexes for table `program`
--
ALTER TABLE `program`
  ADD PRIMARY KEY (`program_id`);

--
-- Indexes for table `program_course`
--
ALTER TABLE `program_course`
  ADD PRIMARY KEY (`program_course_id`),
  ADD KEY `semester_program_course` (`semester_id`),
  ADD KEY `course_program_course` (`course_id`),
  ADD KEY `section_program_course` (`section_id`),
  ADD KEY `program_program_course` (`program_id`),
  ADD KEY `teacher_program_course` (`teacher_id`);

--
-- Indexes for table `program_plo`
--
ALTER TABLE `program_plo`
  ADD PRIMARY KEY (`program_plo_id`),
  ADD KEY `program_program_plo` (`program_id`),
  ADD KEY `plo_program_plo` (`plo_id`);

--
-- Indexes for table `section`
--
ALTER TABLE `section`
  ADD PRIMARY KEY (`section_id`);

--
-- Indexes for table `semester`
--
ALTER TABLE `semester`
  ADD PRIMARY KEY (`semester_id`);

--
-- Indexes for table `student`
--
ALTER TABLE `student`
  ADD PRIMARY KEY (`student_id`),
  ADD KEY `student_program` (`program_id`);

--
-- Indexes for table `student_assign_score`
--
ALTER TABLE `student_assign_score`
  ADD PRIMARY KEY (`student_assign_score_id`),
  ADD KEY `assign_student_assign_score` (`assign_id`),
  ADD KEY `student_student_assign_score` (`student_id`),
  ADD KEY `clo_assign_student_assign_score` (`clo_assign_id`);

--
-- Indexes for table `student_score`
--
ALTER TABLE `student_score`
  ADD PRIMARY KEY (`student_score_id`),
  ADD KEY `student_student_score` (`student_id`),
  ADD KEY `course_student_score` (`course_id`),
  ADD KEY `semester_student_score` (`semester_id`),
  ADD KEY `fk_section_student_score` (`section_id`);

--
-- Indexes for table `student_sub_assign_score`
--
ALTER TABLE `student_sub_assign_score`
  ADD PRIMARY KEY (`student_sub_assign_score_id`),
  ADD KEY `sub_assign_student_sub_assign_score` (`sub_assign_id`),
  ADD KEY `student_student_sub_assign_score` (`student_id`),
  ADD KEY `clo_assign_student_sub_assign_score` (`clo_assign_id`);

--
-- Indexes for table `sub_assignment`
--
ALTER TABLE `sub_assignment`
  ADD PRIMARY KEY (`sub_assign_id`),
  ADD KEY `assign_sub_assign` (`assign_id`);

--
-- Indexes for table `teacher`
--
ALTER TABLE `teacher`
  ADD PRIMARY KEY (`teacher_id`);

--
-- Indexes for table `user`
--
ALTER TABLE `user`
  ADD PRIMARY KEY (`user_id`);

--
-- AUTO_INCREMENT for dumped tables
--

--
-- AUTO_INCREMENT for table `assignment`
--
ALTER TABLE `assignment`
  MODIFY `assign_id` int(11) NOT NULL AUTO_INCREMENT, AUTO_INCREMENT=18;

--
-- AUTO_INCREMENT for table `calculate_assign`
--
ALTER TABLE `calculate_assign`
  MODIFY `calculate_assign_id` int(11) NOT NULL AUTO_INCREMENT, AUTO_INCREMENT=7;

--
-- AUTO_INCREMENT for table `calculate_plo`
--
ALTER TABLE `calculate_plo`
  MODIFY `calculate_plo_id` int(11) NOT NULL AUTO_INCREMENT, AUTO_INCREMENT=16;

--
-- AUTO_INCREMENT for table `calculate_plo_course`
--
ALTER TABLE `calculate_plo_course`
  MODIFY `calculate_plo_course_id` int(11) NOT NULL AUTO_INCREMENT, AUTO_INCREMENT=7;

--
-- AUTO_INCREMENT for table `calculate_proport`
--
ALTER TABLE `calculate_proport`
  MODIFY `calculate_proport_id` int(11) NOT NULL AUTO_INCREMENT, AUTO_INCREMENT=12;

--
-- AUTO_INCREMENT for table `calculate_sub_assign`
--
ALTER TABLE `calculate_sub_assign`
  MODIFY `calculate_sub_assign_id` int(11) NOT NULL AUTO_INCREMENT, AUTO_INCREMENT=13;

--
-- AUTO_INCREMENT for table `clo`
--
ALTER TABLE `clo`
  MODIFY `clo_id` int(11) NOT NULL AUTO_INCREMENT, AUTO_INCREMENT=12;

--
-- AUTO_INCREMENT for table `clo_assignment`
--
ALTER TABLE `clo_assignment`
  MODIFY `clo_assign_id` int(11) NOT NULL AUTO_INCREMENT, AUTO_INCREMENT=36;

--
-- AUTO_INCREMENT for table `course`
--
ALTER TABLE `course`
  MODIFY `course_id` int(11) NOT NULL AUTO_INCREMENT, AUTO_INCREMENT=305294;

--
-- AUTO_INCREMENT for table `course_clo`
--
ALTER TABLE `course_clo`
  MODIFY `course_clo_id` int(11) NOT NULL AUTO_INCREMENT, AUTO_INCREMENT=12;

--
-- AUTO_INCREMENT for table `course_plo`
--
ALTER TABLE `course_plo`
  MODIFY `course_plo_id` int(11) NOT NULL AUTO_INCREMENT, AUTO_INCREMENT=15;

--
-- AUTO_INCREMENT for table `plo`
--
ALTER TABLE `plo`
  MODIFY `plo_id` int(11) NOT NULL AUTO_INCREMENT, AUTO_INCREMENT=14;

--
-- AUTO_INCREMENT for table `plo_clo`
--
ALTER TABLE `plo_clo`
  MODIFY `plo_clo_id` int(11) NOT NULL AUTO_INCREMENT, AUTO_INCREMENT=13;

--
-- AUTO_INCREMENT for table `program`
--
ALTER TABLE `program`
  MODIFY `program_id` int(11) NOT NULL AUTO_INCREMENT, AUTO_INCREMENT=7662;

--
-- AUTO_INCREMENT for table `program_course`
--
ALTER TABLE `program_course`
  MODIFY `program_course_id` int(11) NOT NULL AUTO_INCREMENT, AUTO_INCREMENT=17;

--
-- AUTO_INCREMENT for table `program_plo`
--
ALTER TABLE `program_plo`
  MODIFY `program_plo_id` int(11) NOT NULL AUTO_INCREMENT, AUTO_INCREMENT=16;

--
-- AUTO_INCREMENT for table `section`
--
ALTER TABLE `section`
  MODIFY `section_id` int(11) NOT NULL AUTO_INCREMENT, AUTO_INCREMENT=18;

--
-- AUTO_INCREMENT for table `semester`
--
ALTER TABLE `semester`
  MODIFY `semester_id` int(11) NOT NULL AUTO_INCREMENT, AUTO_INCREMENT=5;

--
-- AUTO_INCREMENT for table `student_assign_score`
--
ALTER TABLE `student_assign_score`
  MODIFY `student_assign_score_id` int(11) NOT NULL AUTO_INCREMENT;

--
-- AUTO_INCREMENT for table `student_score`
--
ALTER TABLE `student_score`
  MODIFY `student_score_id` int(11) NOT NULL AUTO_INCREMENT, AUTO_INCREMENT=318;

--
-- AUTO_INCREMENT for table `student_sub_assign_score`
--
ALTER TABLE `student_sub_assign_score`
  MODIFY `student_sub_assign_score_id` int(11) NOT NULL AUTO_INCREMENT, AUTO_INCREMENT=719;

--
-- AUTO_INCREMENT for table `sub_assignment`
--
ALTER TABLE `sub_assignment`
  MODIFY `sub_assign_id` int(11) NOT NULL AUTO_INCREMENT, AUTO_INCREMENT=13;

--
-- AUTO_INCREMENT for table `teacher`
--
ALTER TABLE `teacher`
  MODIFY `teacher_id` int(11) NOT NULL AUTO_INCREMENT, AUTO_INCREMENT=62363663;

--
-- AUTO_INCREMENT for table `user`
--
ALTER TABLE `user`
  MODIFY `user_id` int(11) NOT NULL AUTO_INCREMENT, AUTO_INCREMENT=7;

--
-- Constraints for dumped tables
--

--
-- Constraints for table `assignment`
--
ALTER TABLE `assignment`
  ADD CONSTRAINT `fk_course` FOREIGN KEY (`course_id`) REFERENCES `course` (`course_id`) ON UPDATE NO ACTION,
  ADD CONSTRAINT `fk_teacher` FOREIGN KEY (`teacher_id`) REFERENCES `teacher` (`teacher_id`) ON UPDATE NO ACTION;

--
-- Constraints for table `clo_assignment`
--
ALTER TABLE `clo_assignment`
  ADD CONSTRAINT `fk_assignment` FOREIGN KEY (`assign_id`) REFERENCES `assignment` (`assign_id`) ON UPDATE NO ACTION,
  ADD CONSTRAINT `fk_clo` FOREIGN KEY (`clo_id`) REFERENCES `clo` (`clo_id`) ON UPDATE NO ACTION,
  ADD CONSTRAINT `fk_sub_assign` FOREIGN KEY (`sub_assign_id`) REFERENCES `sub_assignment` (`sub_assign_id`) ON UPDATE NO ACTION;

--
-- Constraints for table `course_clo`
--
ALTER TABLE `course_clo`
  ADD CONSTRAINT `fk_clo_coures_clo` FOREIGN KEY (`clo_id`) REFERENCES `clo` (`clo_id`) ON UPDATE NO ACTION,
  ADD CONSTRAINT `fk_course_course_clo` FOREIGN KEY (`course_id`) REFERENCES `course` (`course_id`) ON UPDATE NO ACTION,
  ADD CONSTRAINT `fk_section_course_clo` FOREIGN KEY (`section_id`) REFERENCES `section` (`section_id`) ON UPDATE NO ACTION,
  ADD CONSTRAINT `fk_semester_course_clo` FOREIGN KEY (`semester_id`) REFERENCES `semester` (`semester_id`) ON UPDATE NO ACTION;

--
-- Constraints for table `course_plo`
--
ALTER TABLE `course_plo`
  ADD CONSTRAINT `fk_course_course_plo` FOREIGN KEY (`course_id`) REFERENCES `course` (`course_id`) ON UPDATE NO ACTION;

--
-- Constraints for table `plo_clo`
--
ALTER TABLE `plo_clo`
  ADD CONSTRAINT `fk_clo_plo_clo` FOREIGN KEY (`clo_id`) REFERENCES `clo` (`clo_id`) ON UPDATE NO ACTION,
  ADD CONSTRAINT `fk_course_plo_clo` FOREIGN KEY (`course_id`) REFERENCES `course` (`course_id`) ON UPDATE NO ACTION,
  ADD CONSTRAINT `fk_plo_plo_clo` FOREIGN KEY (`plo_id`) REFERENCES `plo` (`plo_id`) ON UPDATE NO ACTION,
  ADD CONSTRAINT `fk_section_plo_clo` FOREIGN KEY (`section_id`) REFERENCES `section` (`section_id`) ON UPDATE NO ACTION,
  ADD CONSTRAINT `fk_semester_plo_clo` FOREIGN KEY (`semester_id`) REFERENCES `semester` (`semester_id`) ON UPDATE NO ACTION;

--
-- Constraints for table `program_course`
--
ALTER TABLE `program_course`
  ADD CONSTRAINT `fk_course_program_course` FOREIGN KEY (`course_id`) REFERENCES `course` (`course_id`) ON UPDATE NO ACTION,
  ADD CONSTRAINT `fk_section_program_course` FOREIGN KEY (`section_id`) REFERENCES `section` (`section_id`) ON UPDATE NO ACTION,
  ADD CONSTRAINT `fk_semester_program_course` FOREIGN KEY (`semester_id`) REFERENCES `semester` (`semester_id`) ON UPDATE NO ACTION,
  ADD CONSTRAINT `fk_teacher_program_course` FOREIGN KEY (`teacher_id`) REFERENCES `teacher` (`teacher_id`) ON UPDATE NO ACTION;

--
-- Constraints for table `program_plo`
--
ALTER TABLE `program_plo`
  ADD CONSTRAINT `fk_plo_program_plo` FOREIGN KEY (`plo_id`) REFERENCES `plo` (`plo_id`) ON UPDATE NO ACTION;

--
-- Constraints for table `student`
--
ALTER TABLE `student`
  ADD CONSTRAINT `fk_program_student` FOREIGN KEY (`program_id`) REFERENCES `program` (`program_id`) ON UPDATE NO ACTION;

--
-- Constraints for table `student_assign_score`
--
ALTER TABLE `student_assign_score`
  ADD CONSTRAINT `fk_assignment_student_assign_score` FOREIGN KEY (`assign_id`) REFERENCES `assignment` (`assign_id`) ON UPDATE NO ACTION,
  ADD CONSTRAINT `fk_clo_assignment_student_assign_score` FOREIGN KEY (`clo_assign_id`) REFERENCES `clo_assignment` (`clo_assign_id`) ON UPDATE NO ACTION,
  ADD CONSTRAINT `fk_student_student_assign_score` FOREIGN KEY (`student_id`) REFERENCES `student` (`student_id`) ON UPDATE NO ACTION;

--
-- Constraints for table `student_score`
--
ALTER TABLE `student_score`
  ADD CONSTRAINT `fk_course_student_score` FOREIGN KEY (`course_id`) REFERENCES `course` (`course_id`) ON UPDATE NO ACTION,
  ADD CONSTRAINT `fk_section_student_score` FOREIGN KEY (`section_id`) REFERENCES `section` (`section_id`) ON UPDATE NO ACTION,
  ADD CONSTRAINT `fk_semester_student_score` FOREIGN KEY (`semester_id`) REFERENCES `semester` (`semester_id`) ON UPDATE NO ACTION,
  ADD CONSTRAINT `fk_student_student_score` FOREIGN KEY (`student_id`) REFERENCES `student` (`student_id`) ON UPDATE NO ACTION;

--
-- Constraints for table `student_sub_assign_score`
--
ALTER TABLE `student_sub_assign_score`
  ADD CONSTRAINT `fk_clo_assignment_student_sub_assign_score` FOREIGN KEY (`clo_assign_id`) REFERENCES `clo_assignment` (`clo_assign_id`) ON UPDATE NO ACTION,
  ADD CONSTRAINT `fk_student_student_sub_assign_score` FOREIGN KEY (`student_id`) REFERENCES `student` (`student_id`) ON UPDATE NO ACTION,
  ADD CONSTRAINT `fk_sub_assignment_student_sub_assign_score` FOREIGN KEY (`sub_assign_id`) REFERENCES `sub_assignment` (`sub_assign_id`) ON UPDATE NO ACTION;

--
-- Constraints for table `sub_assignment`
--
ALTER TABLE `sub_assignment`
  ADD CONSTRAINT `fk_assignment_sub_assignment` FOREIGN KEY (`assign_id`) REFERENCES `assignment` (`assign_id`) ON UPDATE NO ACTION;
COMMIT;

/*!40101 SET CHARACTER_SET_CLIENT=@OLD_CHARACTER_SET_CLIENT */;
/*!40101 SET CHARACTER_SET_RESULTS=@OLD_CHARACTER_SET_RESULTS */;
/*!40101 SET COLLATION_CONNECTION=@OLD_COLLATION_CONNECTION */;
